"","name.x","identifier","unique_name","key_bigbash","key_cricbuzz","key_crichq","key_cricinfo","key_cricinfo_2","key_cricingif","key_cricketarchive","key_cricketarchive_2","key_opta","key_opta_2","key_pulse","key_pulse_2","name.y","country","Full Name","Born","Age","Batting Style","Bowling Style","Playing Role","Fielding Position"
"1","BE Patterson","7dfbcfff","BE Patterson",8112,NA,NA,381308,NA,NA,955561,NA,NA,NA,NA,NA,"Bridget Patterson","Australia","Bridget E Patterson","April 12, 1994","27y 223d","Right hand bat","Right arm fast","Batter",NA
"2","TT Beaumont","b2664905","TT Beaumont",5413,NA,NA,297074,NA,NA,187982,NA,NA,NA,545,NA,"Tammy Beaumont","England","Tamsin Tilley Beaumont","March 11, 1991, Dover, Kent","30y 255d","Right hand bat",NA,"Opening batter","Wicketkeeper"
"3","CM Edwards","d4188b60","CM Edwards",NA,NA,NA,53696,NA,NA,NA,NA,NA,NA,544,NA,"Charlotte Edwards","England","Charlotte Marie Edwards","December 17, 1979, Huntingdon","41y 339d","Right hand bat","Legbreak","Top order batter",NA
"4","TM McGrath","ca5acfa4","TM McGrath",8111,NA,NA,381311,NA,NA,955115,NA,NA,NA,4138,NA,"Tahlia McGrath","Australia","Tahlia May McGrath","November 10, 1995","26y 11d","Right hand bat","Right arm medium","Allrounder",NA
"5","SJ Coyte","a5f488bc","SJ Coyte",5843,NA,NA,374934,NA,NA,372495,NA,NA,NA,463,NA,"Sarah Coyte","Australia","Sarah Jane Coyte","March 30, 1991, Camden, New South Wales","30y 236d","Right hand bat","Right arm medium","Bowler",NA
"6","SJ Coyte","36769c31","SJ Coyte (2)",NA,NA,NA,4886,NA,NA,NA,NA,NA,NA,NA,NA,"Scott Coyte","Australia","Scott James Coyte","March 07, 1985, Liverpool, Sydney, New South Wales","36y 259d","Left hand bat","Right arm fast medium","Bowler",NA
"7","SFM Devine","de69af96","SFM Devine",5858,NA,NA,231740,NA,NA,73099,NA,NA,NA,478,NA,"Sophie Devine","New Zealand","Sophie Frances Monique Devine","September 01, 1989, Wellington","32y 81d","Right hand bat","Right arm medium","Batting allrounder",NA
"8","S Nitschke","3032933c","S Nitschke",NA,NA,NA,53613,NA,NA,NA,NA,NA,NA,NA,NA,"Shelley Nitschke","Australia","Shelley Nitschke","December 03, 1976, Adelaide, South Australia","44y 353d","Left hand bat","Slow left arm orthodox",NA,NA
"9","TJ McPharlin","595e1ee7","TJ McPharlin",8114,NA,NA,275508,NA,NA,237863,NA,NA,NA,NA,NA,"Tegan McPharlin","Australia","Tegan Jayne McPharlin","August 07, 1988, Balaklava, South Australia","33y 106d","Right hand bat","Right arm medium","Wicketkeeper","Wicketkeeper"
"10","A Price","99e26cea","A Price",8110,NA,NA,381309,NA,NA,955120,NA,NA,NA,NA,NA,"Alex Price","Australia","Alexandra Elizabeth Price","November 05, 1995","26y 16d","Right hand bat","Right arm medium","Bowler",NA
"11","ML Schutt","17608a6f","ML Schutt",5981,NA,NA,420314,NA,NA,913864,NA,NA,NA,997,NA,"Megan Schutt","Australia","Megan Schutt","January 15, 1993, Adelaide, South Australia","28y 310d","Right hand bat","Right arm fast medium","Bowler",NA
"12","A Wellington","9b3bcca4","A Wellington",7738,NA,NA,381305,NA,NA,955122,NA,NA,NA,NA,NA,"Amanda-Jade Wellington","Australia","Amanda-Jade Wellington","May 29, 1997, Adelaide, South Australia","24y 176d","Right hand bat","Legbreak","Bowler",NA
"13","RH Priest","e6f0408a","RH Priest",5992,NA,NA,231305,NA,NA,73092,NA,NA,NA,1004,NA,"Rachel Priest","New Zealand","Rachel Holly Priest","June 13, 1985, New Plymouth, Taranaki","36y 161d","Right hand bat",NA,"Wicketkeeper batter","Wicketkeeper"
"14","KL Britt","b9e15440","KL Britt",NA,NA,NA,53675,NA,NA,NA,NA,NA,NA,NA,NA,"Kris Britt","Australia","Kris Lynsey Britt","April 13, 1983, Canberra, Australian Capital Territory","38y 222d","Right hand bat","Legbreak","Allrounder",NA
"15","GM Harris","72166006","GM Harris",7735,NA,NA,381268,NA,NA,955555,NA,NA,NA,NA,NA,"Grace Harris","Australia","Grace Margaret Harris","September 18, 1993","28y 64d","Right hand bat","Right arm offbreak","Allrounder",NA
"16","DN Wyatt","a139c379","DN Wyatt",NA,NA,NA,254168,NA,NA,113029,NA,NA,NA,557,NA,"Danni Wyatt","England","Danielle Nicole Wyatt","April 22, 1991, Stoke-on-Trent, Staffordshire","30y 213d","Right hand bat","Right arm offbreak","Top order batter",NA
"17","S Molineux","99e23670","S Molineux",8119,NA,NA,944373,NA,NA,1232589,NA,NA,NA,4043,NA,"Sophie Molineux","Australia","Sophie Molineux","January 17, 1998","23y 308d","Left hand bat","Slow left arm orthodox","Bowler",NA
"18","M Strano","f57d5dbb","M Strano",7065,NA,NA,382231,NA,NA,401242,NA,NA,NA,4034,NA,"Molly Strano","Australia","Molly Strano","October 05, 1992","29y 47d","Right hand bat","Right arm offbreak","Bowler",NA
"19","LMM Tahuhu","60471339","LMM Tahuhu",5993,NA,NA,380929,NA,NA,394707,NA,NA,NA,1005,NA,"Lea Tahuhu","New Zealand","Lea-Marie Maureen Tahuhu","September 23, 1990, Christchurch, Canterbury","31y 59d","Right hand bat","Right arm medium fast","Bowler",NA
"20","G Wareham","f0b4e47d","G Wareham",8244,NA,NA,946057,NA,NA,1381142,NA,NA,NA,4041,NA,"Georgia Wareham","Australia","Georgia Wareham","May 26, 1999, Terang, Victoria","22y 179d","Right hand bat","Legbreak","Bowler",NA
"21","NM Goodwin","4241dc19","NM Goodwin",NA,NA,NA,53673,NA,NA,NA,NA,NA,NA,NA,NA,"Nicole Goodwin","Australia","Nicole Maree Goodwin","September 14, 1984, Newcastle, New South Wales","37y 68d","Right hand bat","Left arm medium",NA,NA
"22","NA Plane","29ed56ec","NA Plane",NA,NA,NA,947817,NA,NA,NA,NA,NA,NA,NA,NA,"Natalie Plane","Australia","Natalie Anne Plane",NA,NA,NA,NA,NA,NA
"23","M Brown","78bec461","M Brown",10766,NA,NA,1061621,NA,NA,1232564,NA,NA,NA,NA,NA,"Maitlan Brown","Australia","Maitlan Joy Brown","June 05, 1997","24y 169d","Right hand bat","Right arm medium","Bowler",NA
"24","SW Bates","89bbc67a","SW Bates",5854,NA,NA,54565,NA,NA,45878,NA,NA,NA,474,NA,"Suzie Bates","New Zealand","Suzannah Wilson Bates","September 16, 1987, Dunedin, Otago","34y 66d","Right hand bat","Right arm medium","Allrounder",NA
"25","EJ Villani","cde96d97","EJ Villani",5982,NA,NA,275442,NA,NA,250207,NA,NA,NA,998,NA,"Elyse Villani","Australia","Elyse Jane Villani","October 06, 1989, Melbourne, Victoria","32y 46d","Right hand bat","Right arm fast medium","Middle order batter",NA
"26","KH Brunt","6a434bd3","KH Brunt",5496,NA,NA,53906,NA,NA,67090,NA,NA,NA,547,NA,"Katherine Brunt","England","Katherine Helen Brunt","July 02, 1985, Barnsley","36y 142d","Right hand bat","Right arm medium fast","Bowling allrounder",NA
"27","NE Bolton","dd883071","NE Bolton",7054,NA,NA,267611,NA,NA,94002,NA,NA,NA,1758,NA,"Nicole Bolton","Australia","Nicole Elizabeth Bolton","January 17, 1989, Subiaco, Perth, Western Australia","32y 308d","Left hand bat","Right arm offbreak","Opening batter",NA
"28","H Graham","99812d10","H Graham",8083,NA,NA,546629,NA,NA,1165067,NA,NA,NA,NA,NA,"Heather Graham","Australia","Heather Graham","October 05, 1996","25y 47d","Right hand bat","Right arm medium fast","Allrounder",NA
"29","LK Ebsary","884375bf","LK Ebsary",NA,NA,NA,53682,NA,NA,NA,NA,NA,NA,NA,NA,"Lauren Ebsary","Australia","Lauren Kaye Ebsary","March 15, 1983, Snowtown, South Australia","38y 251d","Right hand bat","Right arm medium",NA,NA
"30","HK Matthews","d32cf49a","HK Matthews",8188,NA,NA,474308,NA,NA,1012579,NA,NA,NA,3126,NA,"Hayley Matthews","West Indies","Hayley Kristen Matthews","March 19, 1998","23y 247d","Right hand bat","Right arm offbreak","Opening batter",NA
"31","G Redmayne","324b9eee","G Redmayne",8057,NA,NA,381197,NA,NA,955534,NA,NA,NA,NA,NA,"Georgia Redmayne","Australia","Georgia Prue Redmayne","December 08, 1993, Lismore, New South Wales","27y 348d","Left hand bat",NA,"Wicketkeeper batter","Wicketkeeper"
"32","HC Knight","4ba0289e","HC Knight",5499,NA,NA,358259,NA,NA,228177,NA,NA,NA,552,NA,"Heather Knight","England","Heather Clare Knight","December 26, 1990, Plymouth","30y 330d","Right hand bat","Right arm offbreak","Middle order batter",NA
"33","AE Satterthwaite","72b7ed1e","AE Satterthwaite",5867,NA,NA,233007,NA,NA,73098,NA,NA,NA,487,NA,"Amy Satterthwaite","New Zealand","Amy Ella Satterthwaite","October 07, 1986, Christchurch, Canterbury","35y 45d","Left hand bat","Right arm offbreak","Top order batter",NA
"34","EA Burns","2e0b6638","EA Burns",8077,NA,NA,275447,NA,NA,326631,NA,NA,NA,NA,NA,"Erin Burns","Australia","Erin Alexandra Burns","June 22, 1988, Wollongong, NSW","33y 152d","Right hand bat","Right arm offbreak","Allrounder",NA
"35","CL Hall","6026e2ae","CL Hall",8074,NA,NA,275479,NA,NA,261489,NA,NA,NA,NA,NA,"Corinne Hall","Australia","Corinne Louise Hall","October 12, 1987, Gosford, New South Wales","34y 40d","Right hand bat","Right arm offbreak","Allrounder",NA
"36","SK Moloney","a0bc8dc1","SK Moloney",8007,NA,NA,586869,NA,NA,1753492,NA,NA,NA,NA,NA,"Sasha Moloney","Australia","Sasha K Moloney","June 14, 1992","29y 160d","Right hand bat","Right arm offbreak","Batter",NA
"37","E Thompson","a7c3c366","E Thompson",8076,NA,NA,430847,NA,NA,900587,NA,NA,NA,NA,NA,"Emma Thompson","Australia","Emma Thompson",NA,NA,"Right hand bat","Right arm medium","Batter",NA
"38","V Pyke","cb937b2d","V Pyke",NA,NA,NA,382168,NA,NA,NA,NA,NA,NA,NA,NA,"Veronica Pyke","Australia","Veronica Pyke","November 04, 1981","40y 17d","Right hand bat","Left arm medium",NA,NA
"39","B Hepburn","df04fc4f","B Hepburn",8008,NA,NA,437254,NA,NA,913885,NA,NA,NA,NA,NA,"Brooke Hepburn","Australia","Brooke Louise Hepburn","April 19, 1990, Launceston, Tasmania","31y 216d","Right hand bat","Right arm medium","Bowler",NA
"40","K Fryett","0d19fa13","K Fryett",NA,NA,NA,275526,NA,NA,NA,NA,NA,NA,NA,NA,"Katelyn Fryett","Australia","Katelyn Fryett","May 28, 1992","29y 177d","Right hand bat","Right arm fast medium",NA,NA
"41","MM Lanning","27e003ce","MM Lanning",5849,NA,NA,329336,NA,NA,250897,NA,NA,NA,469,NA,"Meg Lanning","Australia","Meghann Moira Lanning","March 25, 1992, Singapore","29y 241d","Right hand bat","Right arm medium","Top order batter",NA
"42","EJ Inglis","b0ca6975","EJ Inglis",NA,NA,NA,268890,NA,NA,NA,NA,NA,NA,NA,NA,"Emma Inglis","Australia","Emma Jane Inglis","July 15, 1988, Fitzroy, Melbourne, Victoria","33y 129d","Right hand bat",NA,NA,"Wicketkeeper"
"43","JE Cameron","5ebc3941","JE Cameron",NA,NA,NA,268887,NA,NA,NA,NA,NA,NA,462,NA,"Jess Duffin","Australia","Jessica Evelyn Duffin","June 27, 1989, Williamstown, Victoria","32y 147d","Right hand bat","Legbreak googly","Batter","Wicketkeeper"
"44","HNK Jensen","b8cce99f","HNK Jensen",7227,NA,NA,439029,NA,NA,918645,NA,NA,NA,1792,NA,"Hayley Jensen","New Zealand","Hayley Nicole Kayla Jensen","October 07, 1992, Christchurch, Canterbury","29y 45d","Right hand bat","Right arm medium","Bowler",NA
"45","KM Mack","ef13bd20","KM Mack",7737,NA,NA,678831,NA,NA,959587,NA,NA,NA,NA,NA,"Katie Mack","Australia","Katie Maree Mack","September 14, 1993","28y 68d","Right hand bat","Legbreak","Batter",NA
"46","L Bardsley","ad061133","L Bardsley",NA,NA,NA,927259,NA,NA,NA,NA,NA,NA,NA,NA,"Lily Bardsley","Australia","Lily Bardsley",NA,NA,NA,NA,NA,NA
"47","D Hazell","ea8b65ab","D Hazell",NA,NA,NA,297079,NA,NA,NA,NA,NA,NA,NA,NA,"Danielle Hazell","England","Danielle Hazell","May 13, 1988, Durham","33y 192d","Right hand bat","Right arm offbreak","Bowler",NA
"48","E Kearney","437068a1","E Kearney",NA,NA,NA,683359,NA,NA,NA,NA,NA,NA,NA,NA,"Emma Kearney","Australia","Emma Kearney","September 24, 1989","32y 58d","Right hand bat","Right arm medium",NA,NA
"49","A King","83558266","A King",8187,NA,NA,944393,NA,NA,955147,NA,NA,NA,NA,NA,"Alana King","Australia","Alana Maria King","November 22, 1995","25y 364d","Right hand bat","Legbreak","Allrounder",NA
"50","MJG Nielsen","e2410b5e","MJG Nielsen",NA,NA,NA,324246,NA,NA,NA,NA,NA,NA,483,NA,"Morna Nielsen","New Zealand","Morna Jessie Godwin Nielsen","February 24, 1990, Tauranga, Bay of Plenty","31y 270d","Right hand bat","Left arm medium, Slow left arm orthodox",NA,NA
"51","RL Haynes","d7c6b0fb","RL Haynes",5845,NA,NA,268889,NA,NA,97448,NA,NA,NA,465,NA,"Rachael Haynes","Australia","Rachael Louise Haynes","December 26, 1986, Carlton, Melbourne, Victoria","34y 330d","Left hand bat","Left arm medium","Batter",NA
"52","SR Taylor","92cf79a8","SR Taylor",5824,NA,NA,355359,NA,NA,317603,NA,NA,NA,573,NA,"Stafanie Taylor","West Indies","Stafanie Roxann Taylor","June 11, 1991, Spanish Town, Jamaica","30y 163d","Right hand bat","Right arm offbreak","Allrounder",NA
"53","SR Taylor","a9231c3f","Steven Ryan Taylor",NA,NA,NA,348133,NA,NA,288229,NA,1443,NA,NA,NA,"Steven Taylor","U.S.A.","Steven Ryan Taylor","November 09, 1993, Hialeah, Florida","28y 12d","Left hand bat","Right arm offbreak","Opening batter",NA
"54","AJ Blackwell","b9164a9b","AJ Blackwell",NA,NA,NA,53677,NA,NA,NA,NA,NA,NA,461,NA,"Alex Blackwell","Australia","Alexandra Joy Blackwell","August 31, 1983, Wagga Wagga, New South Wales","38y 82d","Right hand bat","Right arm medium","Allrounder",NA
"55","H Kaur","53cd8da6","H Kaur",NA,NA,NA,372317,NA,NA,313875,NA,NA,NA,559,NA,"Harmanpreet Kaur","India","Harmanpreet Kaur Bhullar","March 08, 1989, Punjab","32y 258d","Right hand bat","Right arm offbreak","Allrounder",NA
"56","AJ Healy","321644de","AJ Healy",5846,NA,NA,275486,NA,NA,187174,NA,NA,NA,466,NA,"Alyssa Healy","Australia","Alyssa Jean Healy","March 24, 1990, Gold Coast, Queensland","31y 242d","Right hand bat",NA,"Wicketkeeper batter","Wicketkeeper"
"57","EA Perry","be150fc8","EA Perry",5851,NA,NA,275487,NA,NA,187173,NA,NA,NA,471,NA,"Ellyse Perry","Australia","Ellyse Alexandra Perry","November 03, 1990, Wahroonga, Sydney, New South Wales","31y 18d","Right hand bat","Right arm fast medium","Allrounder",NA
"58","D van Niekerk","8c5775f3","D van Niekerk",5428,NA,NA,364413,NA,NA,338071,NA,NA,NA,430,NA,"Dane van Niekerk","South Africa","Dane van Niekerk","May 14, 1993, Pretoria","28y 191d","Right hand bat","Legbreak","Allrounder",NA
"59","A Gardner","bc969efb","A Gardner",7734,NA,NA,858809,NA,NA,1165029,NA,NA,NA,4128,NA,"Ashleigh Gardner","Australia","Ashleigh Katherine Gardner","April 15, 1997, Bankstown, Sydney, New South Wales","24y 220d","Right hand bat","Right arm offbreak","Allrounder",NA
"60","SJ McGlashan","af71535d","SJ McGlashan",NA,NA,NA,54527,NA,NA,NA,NA,NA,NA,480,NA,"Sara McGlashan","New Zealand","Sara Jade McGlashan","March 28, 1982, Napier, Hawke's Bay","39y 238d","Right hand bat",NA,NA,"Wicketkeeper"
"61","M Kapp","63e3b6b3","M Kapp",5426,NA,NA,351836,NA,NA,338010,NA,NA,NA,424,NA,"Marizanne Kapp","South Africa","Marizanne Kapp","January 04, 1990, Port Elizabeth, Cape Province","31y 321d","Right hand bat","Right arm medium","Allrounder",NA
"62","AR Reakes","13781d43","AR Reakes",8107,NA,NA,375260,NA,NA,373383,NA,NA,NA,NA,NA,"Angela Reakes","Australia","Angela Rose Reakes","December 27, 1990, Byron Bay, New South Wales","30y 329d","Right hand bat","Legbreak googly","Allrounder",NA
"63","SE Aley","5be043df","SE Aley",8093,NA,NA,53670,NA,NA,45794,NA,NA,NA,NA,NA,"Sarah Aley","Australia","Sarah Elizabeth Aley","June 03, 1984, Sydney, New South Wales","37y 171d","Right hand bat","Right arm medium","Bowler",NA
"64","LC Sthalekar","6bb7a785","LC Sthalekar",NA,NA,NA,53461,NA,NA,NA,NA,NA,NA,473,NA,"Lisa Sthalekar","Australia","Lisa Carprini Sthalekar","August 13, 1979, Poona (now Pune), Maharashtra, India","42y 100d","Right hand bat","Right arm offbreak",NA,NA
"65","EA Leys","a6d06180","EA Leys",NA,NA,NA,788471,NA,NA,NA,NA,NA,NA,NA,NA,"Emily Leys","Australia","Emily A Leys","February 18, 1993, Gunnedah, New South Wales","28y 276d","Right hand bat","Left arm medium",NA,NA
"66","EA Osborne","fe731c62","EA Osborne",5850,NA,NA,275483,NA,NA,326626,NA,NA,NA,470,NA,"Erin Osborne","Australia","Erin Alyse Osborne","June 27, 1989, Taree, New South Wales","32y 147d","Right hand bat","Right arm offbreak","Allrounder",NA
"67","RM Farrell","4ed7d23f","RM Farrell",NA,NA,NA,273004,NA,NA,NA,NA,NA,NA,1759,NA,"Rene Farrell","Australia","Rene Michele Farrell","January 13, 1987, Kogarah, Sydney, New South Wales","34y 312d","Right hand bat","Right arm fast medium",NA,NA
"68","NE Stalenberg","609c519e","NE Stalenberg",8059,NA,NA,592588,NA,NA,963176,NA,NA,NA,NA,NA,"Naomi Stalenberg","Australia","Naomi Elizabeth Stalenberg","April 18, 1994, Blacktown, New South Wales, Australia","27y 217d","Right hand bat","Right arm medium","Allrounder",NA
"69","BL Mooney","52d1dbc8","BL Mooney",7051,NA,NA,381258,NA,NA,913888,NA,NA,NA,1817,NA,"Beth Mooney","Australia","Bethany Louise Mooney","January 14, 1994, Shepparton, Victoria","27y 311d","Left hand bat",NA,"Wicketkeeper batter","Wicketkeeper"
"70","KL Short","712bd44c","KL Short",NA,NA,NA,225716,NA,NA,NA,NA,NA,NA,NA,NA,"Kirby Short","Australia","Kirby L Short","November 03, 1986, Brisbane, Queensland","35y 18d","Right hand bat","Right arm offbreak",NA,NA
"71","S Mandhana","5d2eda89","S Mandhana",NA,NA,NA,597806,NA,NA,384151,NA,NA,NA,4101,1809,"Smriti Mandhana","India","Smriti Shriniwas Mandhana","July 18, 1996, Bombay (now Mumbai), Maharashtra","25y 126d","Left hand bat","Right arm offbreak","Opening batter",NA
"72","DM Kimmince","d693012d","DM Kimmince",6031,NA,NA,263473,NA,NA,139528,NA,NA,NA,1760,NA,"Delissa Kimmince","Australia","Delissa Maree Kimmince","May 14, 1989, Warwick, Queensland","32y 191d","Right hand bat","Right arm medium","Bowler",NA
"73","DJS Dottin","53bee17f","DJS Dottin",NA,NA,NA,355349,NA,NA,317605,NA,NA,NA,577,NA,"Deandra Dottin","West Indies","Deandra Jalisa Shakira Dottin","June 21, 1991, Barbados","30y 153d","Right hand bat","Right arm fast medium","Allrounder",NA
"74","JL Jonassen","0475a86b","JL Jonassen",5848,NA,NA,374936,NA,NA,372498,NA,NA,NA,468,NA,"Jess Jonassen","Australia","Jessica Louise Jonassen","November 05, 1992, Emerald, Queensland","29y 16d","Left hand bat","Slow left arm orthodox","Bowler",NA
"75","JL Barsby","47bcaf7a","JL Barsby",7729,NA,NA,381263,NA,NA,955080,NA,NA,NA,NA,NA,"Jemma Barsby","Australia","Jemma Louise Barsby","October 04, 1995, Brisbane","26y 48d","Left hand bat","Right arm offbreak, Slow left arm orthodox","Allrounder",NA
"76","T Cooper","7fb35eba","T Cooper",NA,NA,NA,1066847,NA,NA,NA,NA,NA,NA,NA,NA,"Tess Cooper","Australia","Tess Cooper","September 27, 1996","25y 55d","Right hand bat","Right arm medium","Top order batter",NA
"77","H Birkett","852820e3","H Birkett",NA,NA,NA,702609,NA,NA,NA,NA,NA,NA,NA,NA,"Haidee Birkett","Australia","Haidee Birkett",NA,NA,"Right hand bat","Right arm medium fast",NA,NA
"78","SJ Johnson","d7b754d4","SJ Johnson",8095,NA,NA,542229,NA,NA,959560,NA,NA,NA,NA,NA,"Sammy-Jo Johnson","Australia","Sammy-Jo Johnson","November 05, 1992","29y 16d","Right hand bat","Right arm medium fast","Allrounder",NA
"79","HL Ferling","a594a6e0","HL Ferling",5980,NA,NA,381266,NA,NA,955088,NA,NA,NA,996,NA,"Holly Ferling","Australia","Holly Lee Ferling","December 22, 1995, Kingaroy, Queensland","25y 334d","Right hand bat","Right arm fast medium","Bowler",NA
"80","L Harris","36e2dc83","L Harris",8278,NA,NA,951163,NA,NA,1951821,NA,NA,NA,NA,NA,"Laura Kimmince","Australia","Laura May Kimmince","August 18, 1990","31y 95d","Right hand bat",NA,"Top order batter",NA
"81","NJ Carey","dff806f4","NJ Carey",7731,NA,NA,381217,NA,NA,955529,NA,NA,NA,892,NA,"Nicola Carey","Australia","Nicola Jane Carey","September 10, 1993, Sydney, New South Wales, Australia","28y 72d","Left hand bat","Right arm medium","Bowler",NA
"82","CJ Koski","0f00b4d7","CJ Koski",NA,NA,NA,419651,NA,NA,NA,NA,NA,NA,NA,NA,"Claire Koski","Australia","Claire Jennifer Koski","March 13, 1991, Campbelltown, Sydney, New South Wales","30y 253d","Right hand bat",NA,"Wicketkeeper batter","Wicketkeeper"
"83","IMHC Joyce","d3b4b8ed","IMHC Joyce",NA,NA,NA,54877,NA,NA,NA,NA,NA,NA,1766,NA,"Isobel Joyce","Ireland","Isobel Mary Helen Cecilia Joyce","July 25, 1983, Wicklow","38y 119d","Right hand bat","Left arm medium","Allrounder",NA
"84","M Phillips","216ae65f","M Phillips",NA,NA,NA,538291,NA,NA,NA,NA,NA,NA,NA,NA,"Meg Phillips","Australia","Meg Phillips","February 02, 1996","25y 293d","Right hand bat","Right arm medium",NA,NA
"85","SJ Elliott","13f8d4b5","SJ Elliott",NA,NA,NA,53638,NA,NA,NA,NA,NA,NA,NA,NA,"Sarah Elliott","Australia","Sarah Jane Elliott","January 04, 1982, Melbourne, Victoria","39y 321d","Right hand bat","Legbreak googly",NA,NA
"86","C Piparo","276f3dde","C Piparo",7052,NA,NA,437274,NA,NA,913989,NA,NA,NA,NA,NA,"Chloe Piparo","Australia","Chloe Piparo","September 05, 1994","27y 77d","Right hand bat","Right arm offbreak","Batter",NA
"87","NR Sciver","f3a18a0c","NR Sciver",5411,NA,NA,515905,NA,NA,500884,NA,NA,NA,1800,NA,"Nat Sciver","England","Natalie Ruth Sciver","August 20, 1992, Tokyo","29y 93d","Right hand bat","Right arm medium","Allrounder",NA
"88","M Hinkley","3812165d","M Hinkley",8097,NA,NA,944419,NA,NA,1381006,NA,NA,NA,NA,NA,"Mikayla Hinkley","Australia","Mikayla Carolyn Hinkley","May 01, 1998","23y 204d","Right hand bat","Right arm medium","Batter",NA
"89","K Sutherland","98797fb4","K Sutherland",NA,NA,NA,419652,NA,NA,NA,NA,NA,NA,NA,NA,"Kara Sutherland","Australia","Kara Sutherland","September 26, 1991, Ballina, New South Wales","30y 56d","Left hand bat","Left arm fast medium",NA,NA
"90","R Irvine","309212aa","R Irvine",NA,NA,NA,1066846,NA,NA,NA,NA,NA,NA,NA,NA,"Renee Irvine","Australia","Renee Irvine",NA,NA,NA,NA,NA,NA
"91","T Saville","2ef9bdcb","T Saville",NA,NA,NA,1071713,NA,NA,NA,NA,NA,NA,NA,NA,"Tabatha Saville","Australia","Tabatha Saville",NA,NA,NA,NA,NA,NA
"92","A Shrubsole","32497ecd","A Shrubsole",NA,NA,NA,254238,NA,NA,113874,NA,NA,NA,555,NA,"Anya Shrubsole","England","Anya Shrubsole","December 07, 1991, Bath, Somerset","29y 349d","Right hand bat","Right arm medium","Bowler",NA
"93","EL King","2708b41c","EL King",NA,NA,NA,382169,NA,NA,NA,NA,NA,NA,NA,NA,"Emma King","Australia","Emma Louise King","March 25, 1992, Subiaco, Perth, Western Australia","29y 241d","Right hand bat","Right arm offbreak","Bowler",NA
"94","L Cheatle","275dff85","L Cheatle",7733,NA,NA,858811,NA,NA,1232567,NA,NA,NA,3197,NA,"Lauren Cheatle","Australia","Lauren Roma Cheatle","November 06, 1998","23y 15d","Left hand bat","Left arm fast medium","Bowler",NA
"95","SL Bates","0816fb1e","SL Bates",7730,NA,NA,537440,NA,NA,959563,NA,NA,NA,NA,NA,"Samantha Bates","Australia","Samantha Lee Bates","November 29, 1995","25y 357d","Right hand bat","Slow left arm orthodox","Bowler",NA
"96","A Lanning","ba0a8d88","A Lanning",8098,NA,NA,381288,NA,NA,913879,NA,NA,NA,NA,NA,"Anna Lanning","Australia","Anna Lanning","March 25, 1994, Sydney, New South Wales","27y 241d","Right hand bat","Right arm offbreak","Middle order batter",NA
"97","L Winfield","5230a33d","L Winfield",NA,NA,NA,517572,NA,NA,201699,NA,NA,NA,3172,NA,"Lauren Winfield-Hill","England","Lauren Winfield-Hill","August 16, 1990, York","31y 97d","Right hand bat",NA,"Batter","Wicketkeeper"
"98","EJ Smith","05911fef","EJ Smith",NA,NA,NA,678843,NA,NA,NA,NA,NA,NA,NA,NA,"Emily Smith","Australia","Emily J Smith","January 09, 1995","26y 316d","Right hand bat","Right arm medium","Wicketkeeper","Wicketkeeper"
"99","KM Beams","fa8f9dc3","KM Beams",NA,NA,NA,275563,NA,NA,NA,NA,NA,NA,3165,NA,"Kristen Beams","Australia","Kristen Maree Beams","November 06, 1984, Launceston, Tasmania","37y 15d","Right hand bat","Legbreak googly","Bowler",NA
"100","GL Triscari","207ba61e","GL Triscari",NA,NA,NA,275580,NA,NA,NA,NA,NA,NA,NA,NA,"Gemma Triscari","Australia","Gemma Louise Triscari","January 24, 1990, Subiaco, Perth, Western Australia","31y 301d","Right hand bat","Left arm fast medium",NA,NA
"101","AE Jones","b05e45e4","AE Jones",5409,NA,NA,515874,NA,NA,308394,NA,NA,NA,806,NA,"Amy Jones","England","Amy Ellen Jones","June 13, 1993, Sutton Coldfield, West Midlands","28y 161d","Right hand bat",NA,"Wicketkeeper batter","Wicketkeeper"
"102","KJ Garth","0b69a844","KJ Garth",NA,NA,NA,418423,NA,NA,NA,NA,NA,NA,1769,NA,"Kim Garth","Ireland","Kimberley Jennifer Garth","April 25, 1996, Dublin","25y 210d","Right hand bat","Right arm medium fast","Opening batter",NA
"103","B Vakarewa","06f988b8","B Vakarewa",8245,NA,NA,944417,NA,NA,1381014,NA,NA,NA,NA,NA,"Belinda Vakarewa","Australia","Belinda Vakarewa","January 22, 1998","23y 303d","Right hand bat","Right arm fast medium","Bowler",NA
"104","M Carmichael","4b546c04","M Carmichael",10763,NA,NA,381218,NA,NA,955532,NA,NA,NA,NA,NA,"Mathilda Carmichael","Australia","Mathilda Carmichael","April 04, 1994","27y 231d","Right hand bat","Right arm fast medium","Batter",NA
"105","A Yates","f41c1218","A Yates",10835,NA,NA,1071808,NA,NA,1381146,NA,NA,NA,NA,NA,"Amy Yates","Australia","Amy Beach Yates",NA,NA,NA,NA,NA,NA
"106","JL Hunter","110839f2","JL Hunter",NA,NA,NA,53674,NA,NA,NA,NA,NA,NA,467,NA,"Julie Hunter","Australia","Julie Lauren Hunter","March 15, 1984, Box Hill, Melbourne, Victoria","37y 251d","Right hand bat","Right arm medium",NA,NA
"107","P Cleary","507acf2e","P Cleary",7732,NA,NA,597029,NA,NA,1077476,NA,NA,NA,NA,NA,"Piepa Cleary","Australia","Piepa Cleary","July 17, 1996","25y 127d","Right hand bat","Right arm medium","Bowler",NA
"108","AC Jayangani","ac56b5a7","AC Jayangani",NA,NA,NA,318853,NA,NA,303894,NA,NA,NA,600,NA,"Chamari Athapaththu","Sri Lanka","Athapaththu Mudiyanselage Chamari Jayangani Kumai Athapaththu","February 09, 1990, Gokarella","31y 285d","Left hand bat","Right arm offbreak","Batting allrounder",NA
"109","V Krishnamurthy","c3f21798","V Krishnamurthy",NA,NA,NA,442205,NA,NA,240081,NA,NA,NA,3166,NA,"Veda Krishnamurthy","India","Veda Krishnamurthy","October 16, 1992","29y 36d","Right hand bat","Legbreak","Middle order batter",NA
"110","NM Hancock","af8c3a85","NM Hancock",7736,NA,NA,767597,NA,NA,1165059,NA,NA,NA,NA,NA,"Nicola Hancock","Australia","Nicola Maggie Hancock","November 08, 1995, Melbourne, Victoria","26y 13d","Right hand bat","Right arm medium","Allrounder",NA
"111","C Raack","28aba384","C Raack",NA,NA,NA,792135,NA,NA,NA,NA,NA,NA,3983,NA,"Celeste Raack","Ireland","Celeste Raack","May 18, 1994","27y 187d","Right hand bat","Legbreak",NA,NA
"112","L Lee","7b01ce83","L Lee",7253,NA,NA,483484,NA,NA,1047631,NA,NA,NA,1785,NA,"Lizelle Lee","South Africa","Lizelle Lee","April 02, 1992, Ermelo","29y 233d","Right hand bat","Right arm medium fast","Opening batter",NA
"113","M du Preez","e219f17a","M du Preez",5425,NA,NA,54646,NA,NA,62578,NA,NA,NA,417,NA,"Mignon du Preez","South Africa","Mignon du Preez","June 13, 1989, Pretoria","32y 161d","Right hand bat",NA,"Top order batter","Wicketkeeper"
"114","HM Brennan","22fad2b6","HM Brennan",NA,NA,NA,947815,NA,NA,NA,NA,NA,NA,NA,NA,"Hayleigh Brennan","Australia","Hayleigh Maree Brennan",NA,NA,NA,NA,NA,NA
"115","LG Smith","9c515112","LG Smith",8058,NA,NA,788623,NA,NA,1165031,NA,NA,NA,NA,NA,"Lauren Smith","Australia","Lauren Georgia Smith","October 06, 1996","25y 46d","Right hand bat","Right arm offbreak","Bowler",NA
"116","GA Elwiss","287ed3a0","GA Elwiss",NA,NA,NA,297036,NA,NA,NA,NA,NA,NA,999,NA,"Georgia Elwiss","England","Georgia Amanda Elwiss","May 31, 1991, Wolverhampton, Staffordshire","30y 174d","Right hand bat","Right arm medium fast","Batting allrounder",NA
"117","TMM Newton","93fe473e","TMM Newton",NA,NA,NA,544428,NA,NA,1060962,NA,NA,NA,NA,NA,"Thamsyn Newton","New Zealand","Thamsyn Michelle Moupia Newton","June 03, 1995, Paraparaumu","26y 171d","Right hand bat","Right arm medium","Bowler",NA
"118","L Wolvaardt","e60f81c9","L Wolvaardt",9590,NA,NA,922481,NA,NA,1388128,NA,NA,NA,3176,NA,"Laura Wolvaardt","South Africa","Laura Wolvaardt","April 26, 1999, Milnerton, Cape Town","22y 209d","Right hand bat",NA,"Opening batter",NA
"119","S Daffara","893e440c","S Daffara",NA,NA,NA,381208,NA,NA,NA,NA,NA,NA,NA,NA,"Stefanie Daffara","Australia","Stefanie Daffara","1995",NA,"Right hand bat","Right arm medium",NA,NA
"120","EG Fazackerley","caaf2219","EG Fazackerley",10831,NA,NA,1123417,NA,NA,1165040,NA,NA,NA,NA,NA,"Erin Fazackerley","Australia","Erin Grace Fazackerley","July 03, 1998,  Hobart, Tasmania","23y 141d",NA,NA,"Allrounder",NA
"121","SM Betts","c4fd751d","SM Betts",8115,NA,NA,381313,NA,NA,955123,NA,NA,NA,NA,NA,"Samantha Betts","Australia","Samantha M Betts","February 06, 1996","25y 289d","Right hand bat","Right arm medium","Bowler",NA
"122","RS Dick","40d4befb","RS Dick",NA,NA,NA,419650,NA,NA,NA,NA,NA,NA,NA,NA,"Rhiannon Dick","Australia","Rhiannon Sarah Dick","September 21, 1990, Bankstown, Sydney, New South Wales","31y 61d","Left hand bat","Slow left arm orthodox",NA,NA
"123","N Faltum","9a56c670","N Faltum",10845,NA,NA,1074185,NA,NA,1806499,NA,NA,NA,NA,NA,"Nicole Faltum","Australia","Nicole Faltum","January 17, 2000","21y 308d","Right hand bat",NA,"Wicketkeeper batter","Wicketkeeper"
"124","M Blows","72e3d89d","M Blows",10765,NA,NA,952511,NA,NA,1232594,NA,NA,NA,NA,NA,"Makinley Blows","Australia","Makinley Blows","December 12, 1997","23y 344d","Right hand bat","Right arm medium","Batter",NA
"125","M Banting","90eb1818","M Banting",7728,NA,NA,707069,NA,NA,1165071,NA,NA,NA,NA,NA,"Megan Banting","Australia","Megan Banting","February 11, 1996","25y 284d","Right hand bat","Right arm medium","Wicketkeeper batter",NA
"126","A Sutherland","65d9b6b6","A Sutherland",10833,NA,NA,1071705,NA,NA,2124559,NA,NA,NA,4118,NA,"Annabel Sutherland","Australia","Annabel Sutherland","October 12, 2001","20y 40d","Right hand bat","Right arm medium fast","Allrounder",NA
"127","FC Wilson","a28132bd","FC Wilson",NA,NA,NA,466619,NA,NA,149696,NA,NA,NA,1801,NA,"Fran Wilson","England","Frances Claire Wilson","November 07, 1991, Farnham, Surrey","30y 14d","Right hand bat","Right arm offbreak","Middle order batter",NA
"128","KJ Martin","cf75a839","KJ Martin",NA,NA,NA,54537,NA,NA,15352,NA,NA,NA,482,NA,"Katey Martin","New Zealand","Katey Jane Martin","February 07, 1985, Dunedin, Otago","36y 287d","Right hand bat",NA,"Wicketkeeper batter","Wicketkeeper"
"129","K Pope","f95e48fe","K Pope",NA,NA,NA,805403,NA,NA,NA,NA,NA,NA,NA,NA,"K Pope","Australia","K Pope",NA,NA,NA,NA,NA,NA
"130","L Griffith","abe30ff7","L Griffith",10136,NA,NA,437246,NA,NA,913873,NA,NA,NA,NA,NA,"Lisa Griffith","Australia","Lisa Griffith","August 28, 1992, Bathurst, New South Wales","29y 85d","Right hand bat","Right arm medium","Allrounder",NA
"131","ML Gibson","27fa592f","ML Gibson",NA,NA,NA,947807,NA,NA,NA,NA,NA,NA,NA,NA,"Maisy Gibson","Australia","Maisy Leigh Gibson","September 14, 1996","25y 68d","Left hand bat","Legbreak","Bowler",NA
"132","RK O'Donnell","2ec8a400","RK O'Donnell",NA,NA,NA,1128754,NA,NA,NA,NA,NA,NA,NA,NA,"Rhiann O'Donnell","Australia","Rhiann Kate O'Donnell","April 14, 1998, Mildura, Victoria","23y 221d","Right hand bat","Right arm medium","Bowler",NA
"133","E Kershaw","8eeebce2","E Kershaw",8186,NA,NA,382234,NA,NA,401245,NA,NA,NA,NA,NA,"Erica Kershaw","Australia","Erica Joan Kershaw","December 23, 1991, Castlemaine, Victoria","29y 333d","Left hand bat",NA,"Wicketkeeper batter","Wicketkeeper"
"134","KL Cross","1ade138e","KL Cross",NA,NA,NA,297085,NA,NA,NA,NA,NA,NA,1798,NA,"Kate Cross","England","Kathryn Laura Cross","October 03, 1991, Manchester, Lancashire","30y 49d","Right hand bat","Right arm medium fast","Bowler",NA
"135","BM Devchand","2344de9c","BM Devchand",NA,NA,NA,537427,NA,NA,NA,NA,NA,NA,NA,NA,"Bhavi Devchand","Australia","Bhavi M Devchand","December 24, 1992","28y 332d","Right hand bat","Right arm medium","Allrounder",NA
"136","T Peschel","923402d8","T Peschel",10431,NA,NA,679171,NA,NA,955520,NA,NA,NA,NA,NA,"Taneale Peschel","Australia","Taneale Peschel","August 29, 1994","27y 84d","Right hand bat","Right arm medium fast","Allrounder",NA
"137","S Luus","6d76bc23","S Luus",NA,NA,NA,487007,NA,NA,1037906,NA,NA,NA,428,NA,"Sune Luus","South Africa","Sune Luus","January 05, 1996","25y 320d","Right hand bat","Legbreak","Allrounder",NA
"138","C Webb","1f4a8a2a","C Webb",11324,NA,NA,1123362,NA,NA,1381038,NA,NA,NA,NA,NA,"Courtney Webb","Australia","Courtney Anne Webb","November 30, 1999","21y 356d","Right hand bat","Legbreak","Batter",NA
"139","T Wilson","32100b2d","T Wilson",11323,NA,NA,1142969,NA,NA,2124531,NA,NA,NA,NA,NA,"Tahlia Wilson","Australia","Tahlia Beverly Wilson","October 21, 1999","22y 31d","Right hand bat","Right arm medium","Wicketkeeper batter",NA
"140","C Leeson","d71e33bb","C Leeson",10837,NA,NA,1071702,NA,NA,1381009,NA,NA,NA,NA,NA,"Carly Leeson","Australia","Carly May Leeson","November 09, 1998","23y 12d","Right hand bat","Right arm medium","Allrounder",NA
"141","JE Dooley","6f7e30d6","JE Dooley",10813,NA,NA,1126066,NA,NA,1579166,NA,NA,NA,NA,NA,"Josephine Dooley","Australia","Josephine E Dooley","January 21, 2000","21y 304d","Right hand bat",NA,"Wicketkeeper batter",NA
"142","A Hartley","53d50717","A Hartley",NA,NA,NA,469886,NA,NA,NA,NA,NA,NA,3338,NA,"Alex Hartley","England","Alexandra Hartley","September 06, 1993, Blackburn, Lancashire","28y 76d","Right hand bat","Slow left arm orthodox","Bowler",NA
"143","R Trenaman","877dd709","R Trenaman",10800,NA,NA,1065982,NA,NA,1579215,NA,NA,NA,NA,NA,"Rachel Trenaman","Australia","Rachel CatherineTrenaman","April 18, 2001","20y 217d","Right hand bat","Legbreak","Allrounder",NA
"144","G Prestwidge","c218e4e7","G Prestwidge",8096,NA,NA,792417,NA,NA,1381045,NA,NA,NA,NA,NA,"Georgia Prestwidge","Australia","Georgia Kate Prestwidge","December 17, 1997","23y 339d","Right hand bat","Right arm medium","Bowler",NA
"145","A Day","1b0a9d66","A Day",NA,NA,NA,1171104,NA,NA,NA,NA,NA,NA,NA,NA,"Ashley Day","Australia","Ashley Day","September 17, 1999","22y 65d","Right hand bat","Legbreak googly","Opening batter",NA
"146","H Silver-holmes","2bfc7199","H Silver-holmes",10888,NA,NA,1142973,NA,NA,2213471,NA,NA,NA,NA,NA,"Hayley Silver-holmes","Australia","Hayley Imogen Silver-holmes","August 18, 2003","18y 95d","Right hand bat","Right arm medium fast","Bowling allrounder",NA
"147","M Darke","57a90666","M Darke",11554,NA,NA,1142971,NA,NA,2124563,NA,NA,NA,NA,NA,"Maddy Darke","Australia","Madeleine Darke","March 30, 2001","20y 236d","Right hand bat","Right arm offbreak","Wicketkeeper batter","Wicketkeeper"
"148","P Litchfield","4e6ef14f","P Litchfield",11720,NA,NA,1176132,NA,NA,2273229,NA,NA,NA,NA,NA,"Phoebe Litchfield","Australia","Phoebe Litchfield","April 18, 2003","18y 217d","Left hand bat","Legbreak","Batter",NA
"149","Nida Dar","ed840f44","Nida Dar",NA,NA,NA,333355,NA,NA,161704,NA,NA,NA,636,NA,"Nida Dar","Pakistan","Nida Rashid Dar","January 02, 1987, Gujranwala, Punjab","34y 323d","Right hand bat","Right arm offbreak","Bowling allrounder",NA
"150","HJ Darlington","50b558d2","HJ Darlington",10889,NA,NA,1128781,NA,NA,2124561,NA,NA,NA,NA,NA,"Hannah Darlington","Australia","Hannah Joy Darlington","January 25, 2002","19y 300d","Right hand bat","Right arm medium","Bowler",NA
"151","S Ismail","108c4c09","S Ismail",5431,NA,NA,276997,NA,NA,158733,NA,NA,NA,423,NA,"Shabnim Ismail","South Africa","Shabnim Ismail","October 05, 1988, Cape Town, Cape Province","33y 47d","Left hand bat","Right arm fast medium","Bowler",NA
"152","CL Tryon","4d4605e6","CL Tryon",5429,NA,NA,453370,NA,NA,977050,NA,NA,NA,1013,NA,"Chloe Tryon","South Africa","Chloe-Lesleigh  Tryon","January 25, 1994, Kingsway, Durban","27y 300d","Right hand bat","Slow left arm orthodox","Allrounder",NA
"153","T Flintoff","5471b94a","T Flintoff",10943,NA,NA,1201479,NA,NA,2314605,NA,NA,NA,NA,NA,"Tess Flintoff","Australia","Tess Flintoff","March 31, 2003","18y 235d","Right hand bat","Right arm medium","Bowler",NA
"154","CL Rafferty","14a760dc","CL Rafferty",11322,NA,NA,1128760,NA,NA,2124580,NA,NA,NA,NA,NA,"Chloe Rafferty","Australia","Chloe Lee Rafferty","June 16, 1999, Williamstown, Victoria","22y 158d","Right hand bat","Right arm medium","Bowler",NA
"155","ML Green","865eae1f","ML Green",6856,NA,NA,438265,NA,NA,916034,NA,NA,NA,1790,NA,"Maddy Green","New Zealand","Madeline Lee Green","October 20, 1992, Auckland","29y 32d","Right hand bat","Right arm offbreak","Middle order batter",NA
"156","J Hicks","38970358","J Hicks",8104,NA,NA,812159,NA,NA,1165010,NA,NA,NA,NA,NA,"Jodie Hicks","Australia","Jodie Hicks","January 19, 1997, Hay, New South Wales","24y 306d","Right hand bat","Right arm medium","Allrounder",NA
"157","S Campbell","c6b09326","S Campbell",10899,NA,NA,1142970,NA,NA,1947740,NA,NA,NA,NA,NA,"Stella Campbell","Australia","Stella Campbell","June 15, 2002","19y 159d","Right hand bat","Right arm medium","Bowler",NA
"158","AC Kerr","7673c908","AC Kerr",11091,NA,NA,803971,NA,NA,1753217,NA,NA,NA,3756,NA,"Amelia Kerr","New Zealand","Amelia Charlotte Kerr","October 13, 2000, Wellington","21y 39d","Right hand bat","Legbreak","Allrounder",NA
"159","M Penna","36453b99","M Penna",11561,NA,NA,1201476,NA,NA,1806555,NA,NA,NA,NA,NA,"Madeline Penna","Australia","Madeline Penna","August 30, 2000","21y 83d","Right hand bat","Legbreak","Bowler",NA
"160","TJ Vlaeminck","ef70a34b","TJ Vlaeminck",NA,NA,NA,1071711,NA,NA,1578953,NA,NA,NA,4124,NA,"Tayla Vlaeminck","Australia","Tayla Jade Vlaeminck","October 27, 1998, Bendigo, Victoria","23y 25d","Right hand bat","Right arm medium","Bowler",NA
"161","HJ Armitage","f05167d2","HJ Armitage",NA,NA,NA,715351,NA,NA,NA,NA,NA,NA,NA,NA,"Hollie Armitage","England","Hollie Jade Armitage","June 14, 1997, Huddersfield, Yorkshire","24y 160d","Right hand bat","Legbreak","Allrounder",NA
"162","S Horley","8cd72e0b","S Horley",NA,NA,NA,1142972,NA,NA,NA,NA,NA,NA,NA,NA,"Saskia Horley","Australia","Saskia Horley","February 23, 2000","21y 272d","Right hand bat","Slow left arm orthodox","Allrounder",NA
"163","A Smith","b125ce63","A Smith",12428,NA,NA,1173526,NA,NA,2266853,NA,NA,NA,NA,NA,"Amy Smith","Australia","Amy Smith","November 16, 2004","17y 5d","Right hand bat","Legbreak","Bowler",NA
"164","A O'Neil","4f2cf3ed","A O'Neil",11320,NA,NA,1128748,1173523,NA,1232618,NA,NA,NA,NA,NA,NA,NA,NA,NA,NA,NA,NA,NA,NA
"165","S Glenn","b34e0c77","S Glenn",11335,NA,NA,885837,NA,NA,991041,NA,NA,NA,4467,NA,"Sarah Glenn","England","Sarah Glenn","August 27, 1999, Derby","22y 86d","Right hand bat","Legbreak","Bowling allrounder",NA
"166","RA Mair","d5eb8b84","RA Mair",12426,NA,NA,701751,NA,NA,1580605,NA,NA,NA,5567,NA,"Rosemary Mair","New Zealand","Rosemary Alison Mair","November 07, 1998, Napier","23y 14d","Right hand bat","Right arm medium","Bowler",NA
"167","LR Down","19147fe0","LR Down",11875,NA,NA,543466,NA,NA,1060662,NA,NA,NA,5007,NA,"Lauren Down","New Zealand","Lauren Renee Down","May 07, 1995, Auckland","26y 198d","Right hand bat","Right arm medium","Batter",NA
"168","G Voll","5c30d455","G Voll",12313,NA,NA,1215360,NA,NA,2337892,NA,NA,NA,NA,NA,"Georgia Voll","Australia","Georgia Voll",NA,NA,"Right hand bat","Right arm offbreak","Top order batter",NA
"169","N de Klerk","ea544967","N de Klerk",11224,NA,NA,939249,NA,NA,2155447,NA,NA,NA,4335,NA,"Nadine de Klerk","South Africa","Nadine de Klerk","January 16, 2000","21y 309d","Right hand bat","Right arm medium","Allrounder",NA
"170","S Day","c3d27d76","S Day",13455,NA,NA,1184973,NA,NA,2285347,NA,NA,NA,NA,NA,"Sophie Day","England","Sophie Day","September 02, 1998","23y 80d","Left hand bat","Slow left arm orthodox","Allrounder",NA
"171","CG Sippel","c2ac0db5","CG Sippel",11819,NA,NA,1167399,NA,NA,1806583,NA,NA,NA,NA,NA,"Courtney Grace Sippel","Australia","Courtney Grace Sippel","April 27, 2001","20y 208d","Left hand bat","Right arm medium","Bowler",NA
"172","CR Knott","d7ff1adc","CR Knott",10900,NA,NA,1164537,NA,NA,1806576,NA,NA,NA,NA,NA,"Charli Knott","Australia","Charli Rae Knott","November 29, 2002, Hervey Bay, Queensland","18y 357d","Right hand bat","Right arm offbreak","Batting allrounder",NA
"173","E Hughes","99bc6f9a","E Hughes",11544,NA,NA,1203797,NA,NA,2124536,NA,NA,NA,NA,NA,"Emma Hughes","Australia","Emma Hughes","November 13, 2000","21y 8d","Right hand bat","Right arm medium","Bowler",NA
"174","R Carter","c46571b9","R Carter",13468,NA,NA,1239710,NA,NA,955140,NA,NA,NA,NA,NA,"Rebecca Carter","Australia","Rebecca Lee Carter","July 16, 1996","25y 128d","Left hand bat","Right arm medium",NA,NA
"175","E Hayward","eacd9bb1","E Hayward",10944,NA,NA,1236786,NA,NA,2412239,NA,NA,NA,NA,NA,"Ella Hayward","Australia","Ella Hayward","September 08, 2003","18y 74d","Right hand bat","Right arm offbreak","Bowler",NA
"176","Shafali Verma","d8f59089","Shafali Verma",NA,NA,NA,1182523,NA,NA,2198993,NA,NA,NA,5824,NA,"Shafali Verma","India","Shafali Verma","January 28, 2004, Rohtak, Haryana","17y 297d","Right hand bat","Right arm offbreak","Opening batter",NA
"177","R Johnston","3cd107a7","R Johnston",NA,NA,NA,1282061,NA,NA,NA,NA,NA,NA,NA,NA,"Ruth Johnston","Australia","Ruth Johnston","February 28, 2003","18y 266d","Right hand bat","Right arm offbreak","Allrounder",NA
"178","RM Ghosh","721e0199","RM Ghosh",NA,NA,NA,1212830,NA,NA,2320897,NA,NA,NA,11082,19526,"Richa Ghosh","India","Richa Manabendra Ghosh","September 28, 2003, Siliguri, West Bengal","18y 54d","Right hand bat","Right arm medium","Wicketkeeper batter","Wicketkeeper"
"179","JI Rodrigues","cb08b611","JI Rodrigues",NA,NA,NA,883405,NA,NA,1558057,NA,NA,NA,5051,NA,"Jemimah Rodrigues","India","Jemimah Ivan Rodrigues","September 05, 2000, Mumbai, Maharashtra","21y 77d","Right hand bat","Right arm offbreak","Middle order batter",NA
"180","E Jones","971cb321","E Jones",NA,NA,NA,858807,NA,NA,NA,NA,NA,NA,NA,NA,"Eve Jones","England","Evelyn Jones","August 08, 1992, Shrewsbury, Shropshire","29y 105d","Left hand bat","Left arm medium","Allrounder",NA
"181","E Jones","4cf60e73","Emma Jones",NA,NA,NA,1100812,NA,NA,NA,NA,NA,NA,NA,NA,"Emma Jones","England","Emma Jones",NA,NA,NA,NA,NA,NA
"182","A Learoyd","1757bedf","A Learoyd",12362,NA,NA,1231570,NA,NA,2407371,NA,NA,NA,NA,NA,"Anika Learoyd","Australia","Anika Learoyd","April 14, 2002","19y 221d","Right hand bat","Legbreak","Middle order batter",NA
"183","DB Sharma","201fef33","DB Sharma",NA,NA,NA,597811,NA,NA,1086219,NA,NA,NA,3192,NA,"Deepti Sharma","India","Deepti Bhagwan Sharma","August 24, 1997, Agra, Uttar Pradesh","24y 89d","Left hand bat","Right arm offbreak","Allrounder",NA
"184","IECM Wong","e5b17517","IECM Wong",NA,NA,NA,1146066,NA,NA,NA,NA,NA,NA,NA,NA,"Issy Wong","England","Isabelle Eleanor Chih Ming Wong","May 15, 2002, Chelsea, Middlesex","19y 190d","Right hand bat","Right arm fast medium","Bowler",NA
"185","L Mills","c35a0b8a","L Mills",NA,NA,NA,1203888,NA,NA,NA,NA,NA,NA,NA,NA,"Lilly Mills","Australia","Lilly Mills","January 02, 2001","20y 323d","Right hand bat","Right arm medium","Bowler",NA
"186","A Bosch","dcf0e8f4","A Bosch",NA,NA,NA,482506,NA,NA,NA,NA,NA,NA,17103,NA,"Anneke Bosch","South Africa","Anneke Elizabeth Bosch","August 17, 1993, East London","28y 96d","Right hand bat","Right arm medium","Batting allrounder",NA
"187","ME Bouchier","c2554b59","ME Bouchier",NA,NA,NA,1022077,NA,NA,NA,NA,NA,NA,NA,NA,"Maia Bouchier","England","Maia Emily Bouchier","December 05, 1998, Kensington, Middlesex","22y 351d","Right hand bat","Right arm medium","Middle order batter",NA
"188","LCN Smith","340202b0","LCN Smith",NA,NA,NA,517577,NA,NA,NA,NA,NA,NA,3702,NA,"Linsey Smith","England","Linsey Claire Neale Smith","March 10, 1995, Hillingdon, Middlesex","26y 256d","Left hand bat","Slow left arm orthodox","Bowler",NA
"189","R McKenna","f7e41cd8","R McKenna",NA,NA,NA,1282067,NA,NA,NA,NA,NA,NA,NA,NA,"Rhys McKenna","Australia","Rhys McKenna",NA,NA,"Right hand bat","Right arm fast medium","Bowler",NA
"190","RP Yadav","6c3aef71","RP Yadav",NA,NA,NA,960737,NA,NA,1776757,NA,NA,NA,5059,NA,"Radha Yadav","India","Radha Prakash Yadav","April 21, 2000, Mumbai, Maharashtra","21y 214d","Right hand bat","Slow left arm orthodox","Bowler",NA
"191","E Johnston","3785e30d","E Johnston",NA,NA,NA,1249772,NA,NA,NA,NA,NA,NA,NA,NA,"Ellie Johnston","Australia","Ellie Johnston","January 29, 2003","18y 296d","Right hand bat","Legbreak","Allrounder",NA
"192","C Moore","284cd027","C Moore",NA,NA,NA,1282719,NA,NA,NA,NA,NA,NA,NA,NA,"Claire Moore","Australia","Claire Moore",NA,NA,"Right hand bat",NA,"Batter",NA
"193","Poonam Yadav","d0bb40b8","Poonam Yadav",NA,NA,NA,630972,NA,NA,305336,NA,NA,NA,1814,NA,"Poonam Yadav","India","Poonam Yadav","August 24, 1991, Agra, Uttar Pradesh","30y 89d","Right hand bat","Legbreak googly","Bowler",NA
"194","A Genford","52b45daa","A Genford",NA,NA,NA,1282059,NA,NA,NA,NA,NA,NA,NA,NA,"Angelina Genford","Australia","Angelina Genford",NA,NA,"Right hand bat","Right arm medium fast",NA,NA
"195","E Falconer","be50addf","E Falconer",NA,NA,NA,1128749,NA,NA,NA,NA,NA,NA,NA,NA,"Ellie Falconer","Australia","Ellie Falconer","September 03, 1999","22y 79d","Right hand bat","Right arm medium","Bowler",NA
"196","K Peterson","5f377534","K Peterson",13035,NA,NA,1203798,NA,NA,2410807,NA,NA,NA,NA,NA,"Kate Peterson","Australia","Kate Peterson",NA,NA,"Right hand bat","Right arm fast medium","Bowler",NA
"197","LA Marsh","9706e64b","LA Marsh",NA,NA,NA,249934,NA,NA,NA,NA,NA,NA,553,NA,"Laura Marsh","England","Laura Alexandra Marsh","December 05, 1986, Pembury, Kent","34y 351d","Right hand bat","Right arm fast medium, Right arm offbreak","Opening batter",NA
"198","SL Hungerford","10de03e4","SL Hungerford",NA,NA,NA,274179,NA,NA,NA,NA,NA,NA,NA,NA,"Sara Hungerford","Australia","Sara Louise Hungerford","February 13, 1986, Sydney, New South Wales","35y 281d","Right hand bat","Right arm medium","Allrounder",NA
"199","SJ Taylor","e6f36f83","SJ Taylor",NA,NA,NA,249935,NA,NA,NA,NA,NA,NA,556,NA,"Sarah Taylor","England","Sarah Jane Taylor","May 20, 1989, London Hospital, Whitechapel, London","32y 185d","Right hand bat",NA,"Wicketkeeper batter","Wicketkeeper"
"200","SACA King","77851c2d","SACA King",NA,NA,NA,355352,NA,NA,NA,NA,NA,NA,578,NA,"Stacy-Ann King","West Indies","Stacy-Ann Camille-Ann King","July 17, 1983, Trinidad","38y 127d","Left hand bat","Left arm medium",NA,NA
"201","KM Applebee","6aa5e5ac","KM Applebee",NA,NA,NA,53645,NA,NA,NA,NA,NA,NA,NA,NA,"Kelly Applebee","Australia","Kelly Maree Applebee","January 28, 1982, Bairnsdale, Victoria","39y 297d","Right hand bat","Right arm medium",NA,NA
"202","JCL Wallace","67704b7a","JCL Wallace",NA,NA,NA,268891,NA,NA,NA,NA,NA,NA,NA,NA,"Jenny Wallace","Australia","Jennifer Clare Louise Wallace","December 20, 1980, Sydney, New South Wales","40y 336d","Right hand bat",NA,NA,"Wicketkeeper"
"203","NJ Shaw","7e9ff716","NJ Shaw",NA,NA,NA,53733,NA,NA,NA,NA,NA,NA,NA,NA,"Nicky Shaw","England","Nicola Jayne Shaw","December 30, 1981, Nuneaton, Warwickshire","39y 326d","Right hand bat","Right arm fast medium",NA,NA
"204","KJ Hartshorn","97d86043","KJ Hartshorn",NA,NA,NA,482071,NA,NA,NA,NA,NA,NA,NA,NA,"Katie-Jane Hartshorn","Australia","Katie-Jane Hartshorn","June 20, 1994","27y 154d","Right hand bat","Left arm medium",NA,NA
"205","CE Brock","cb41cde5","CE Brock",NA,NA,NA,374937,NA,NA,NA,NA,NA,NA,NA,NA,"Cassie Brock","Australia","Cassie E Brock","January 31, 1991","30y 294d","Right hand bat","Legbreak googly",NA,NA
"206","J Taffs","1b63aef2","J Taffs",NA,NA,NA,381232,NA,NA,NA,NA,NA,NA,NA,NA,"Jenny Taffs","Australia","Jenny Taffs","1995",NA,"Right hand bat","Legbreak googly",NA,NA
"207","BC Binch","e663d8d7","BC Binch",NA,NA,NA,380932,NA,NA,NA,NA,NA,NA,NA,NA,"Briana Binch","Australia","Briana Carly Binch","June 18, 1987, Carlton, Melbourne, Victoria","34y 156d","Right hand bat","Right arm medium","Bowler",NA
"208","E Biss","d2abb394","E Biss",NA,NA,NA,275577,NA,NA,NA,NA,NA,NA,NA,NA,"Emma Biss","Australia","Emma Biss",NA,NA,"Right hand bat","Right arm medium",NA,NA
"209","LMM Tahuhu","60471339","LMM Tahuhu",5993,NA,NA,380929,NA,NA,394707,NA,NA,NA,1005,NA,"Lea Tahuhu","New Zealand","Lea-Marie Maureen Tahuhu","September 23, 1990, Christchurch, Canterbury","31y 59d","Right hand bat","Right arm medium fast","Bowler",NA
"210","M Strano","f57d5dbb","M Strano",7065,NA,NA,382231,NA,NA,401242,NA,NA,NA,4034,NA,"Molly Strano","Australia","Molly Strano","October 05, 1992","29y 47d","Right hand bat","Right arm offbreak","Bowler",NA
"211","NM Goodwin","4241dc19","NM Goodwin",NA,NA,NA,53673,NA,NA,NA,NA,NA,NA,NA,NA,"Nicole Goodwin","Australia","Nicole Maree Goodwin","September 14, 1984, Newcastle, New South Wales","37y 68d","Right hand bat","Left arm medium",NA,NA
"212","S Molineux","99e23670","S Molineux",8119,NA,NA,944373,NA,NA,1232589,NA,NA,NA,4043,NA,"Sophie Molineux","Australia","Sophie Molineux","January 17, 1998","23y 308d","Left hand bat","Slow left arm orthodox","Bowler",NA
"213","GM Harris","72166006","GM Harris",7735,NA,NA,381268,NA,NA,955555,NA,NA,NA,NA,NA,"Grace Harris","Australia","Grace Margaret Harris","September 18, 1993","28y 64d","Right hand bat","Right arm offbreak","Allrounder",NA
"214","DN Wyatt","a139c379","DN Wyatt",NA,NA,NA,254168,NA,NA,113029,NA,NA,NA,557,NA,"Danni Wyatt","England","Danielle Nicole Wyatt","April 22, 1991, Stoke-on-Trent, Staffordshire","30y 213d","Right hand bat","Right arm offbreak","Top order batter",NA
"215","ML Schutt","17608a6f","ML Schutt",5981,NA,NA,420314,NA,NA,913864,NA,NA,NA,997,NA,"Megan Schutt","Australia","Megan Schutt","January 15, 1993, Adelaide, South Australia","28y 310d","Right hand bat","Right arm fast medium","Bowler",NA
"216","S Nitschke","3032933c","S Nitschke",NA,NA,NA,53613,NA,NA,NA,NA,NA,NA,NA,NA,"Shelley Nitschke","Australia","Shelley Nitschke","December 03, 1976, Adelaide, South Australia","44y 353d","Left hand bat","Slow left arm orthodox",NA,NA
"217","A Wellington","9b3bcca4","A Wellington",7738,NA,NA,381305,NA,NA,955122,NA,NA,NA,NA,NA,"Amanda-Jade Wellington","Australia","Amanda-Jade Wellington","May 29, 1997, Adelaide, South Australia","24y 176d","Right hand bat","Legbreak","Bowler",NA
"218","SJ Coyte","a5f488bc","SJ Coyte",5843,NA,NA,374934,NA,NA,372495,NA,NA,NA,463,NA,"Sarah Coyte","Australia","Sarah Jane Coyte","March 30, 1991, Camden, New South Wales","30y 236d","Right hand bat","Right arm medium","Bowler",NA
"219","SJ Coyte","36769c31","SJ Coyte (2)",NA,NA,NA,4886,NA,NA,NA,NA,NA,NA,NA,NA,"Scott Coyte","Australia","Scott James Coyte","March 07, 1985, Liverpool, Sydney, New South Wales","36y 259d","Left hand bat","Right arm fast medium","Bowler",NA
"220","TM McGrath","ca5acfa4","TM McGrath",8111,NA,NA,381311,NA,NA,955115,NA,NA,NA,4138,NA,"Tahlia McGrath","Australia","Tahlia May McGrath","November 10, 1995","26y 11d","Right hand bat","Right arm medium","Allrounder",NA
"221","A Price","99e26cea","A Price",8110,NA,NA,381309,NA,NA,955120,NA,NA,NA,NA,NA,"Alex Price","Australia","Alexandra Elizabeth Price","November 05, 1995","26y 16d","Right hand bat","Right arm medium","Bowler",NA
"222","M Brown","78bec461","M Brown",10766,NA,NA,1061621,NA,NA,1232564,NA,NA,NA,NA,NA,"Maitlan Brown","Australia","Maitlan Joy Brown","June 05, 1997","24y 169d","Right hand bat","Right arm medium","Bowler",NA
"223","NA Plane","29ed56ec","NA Plane",NA,NA,NA,947817,NA,NA,NA,NA,NA,NA,NA,NA,"Natalie Plane","Australia","Natalie Anne Plane",NA,NA,NA,NA,NA,NA
"224","SFM Devine","de69af96","SFM Devine",5858,NA,NA,231740,NA,NA,73099,NA,NA,NA,478,NA,"Sophie Devine","New Zealand","Sophie Frances Monique Devine","September 01, 1989, Wellington","32y 81d","Right hand bat","Right arm medium","Batting allrounder",NA
"225","V Pyke","cb937b2d","V Pyke",NA,NA,NA,382168,NA,NA,NA,NA,NA,NA,NA,NA,"Veronica Pyke","Australia","Veronica Pyke","November 04, 1981","40y 17d","Right hand bat","Left arm medium",NA,NA
"226","HK Matthews","d32cf49a","HK Matthews",8188,NA,NA,474308,NA,NA,1012579,NA,NA,NA,3126,NA,"Hayley Matthews","West Indies","Hayley Kristen Matthews","March 19, 1998","23y 247d","Right hand bat","Right arm offbreak","Opening batter",NA
"227","AE Satterthwaite","72b7ed1e","AE Satterthwaite",5867,NA,NA,233007,NA,NA,73098,NA,NA,NA,487,NA,"Amy Satterthwaite","New Zealand","Amy Ella Satterthwaite","October 07, 1986, Christchurch, Canterbury","35y 45d","Left hand bat","Right arm offbreak","Top order batter",NA
"228","K Fryett","0d19fa13","K Fryett",NA,NA,NA,275526,NA,NA,NA,NA,NA,NA,NA,NA,"Katelyn Fryett","Australia","Katelyn Fryett","May 28, 1992","29y 177d","Right hand bat","Right arm fast medium",NA,NA
"229","B Hepburn","df04fc4f","B Hepburn",8008,NA,NA,437254,NA,NA,913885,NA,NA,NA,NA,NA,"Brooke Hepburn","Australia","Brooke Louise Hepburn","April 19, 1990, Launceston, Tasmania","31y 216d","Right hand bat","Right arm medium","Bowler",NA
"230","HC Knight","4ba0289e","HC Knight",5499,NA,NA,358259,NA,NA,228177,NA,NA,NA,552,NA,"Heather Knight","England","Heather Clare Knight","December 26, 1990, Plymouth","30y 330d","Right hand bat","Right arm offbreak","Middle order batter",NA
"231","SW Bates","89bbc67a","SW Bates",5854,NA,NA,54565,NA,NA,45878,NA,NA,NA,474,NA,"Suzie Bates","New Zealand","Suzannah Wilson Bates","September 16, 1987, Dunedin, Otago","34y 66d","Right hand bat","Right arm medium","Allrounder",NA
"232","KH Brunt","6a434bd3","KH Brunt",5496,NA,NA,53906,NA,NA,67090,NA,NA,NA,547,NA,"Katherine Brunt","England","Katherine Helen Brunt","July 02, 1985, Barnsley","36y 142d","Right hand bat","Right arm medium fast","Bowling allrounder",NA
"233","EL King","2708b41c","EL King",NA,NA,NA,382169,NA,NA,NA,NA,NA,NA,NA,NA,"Emma King","Australia","Emma Louise King","March 25, 1992, Subiaco, Perth, Western Australia","29y 241d","Right hand bat","Right arm offbreak","Bowler",NA
"234","RL Grundy","e149d0ae","RL Grundy",NA,NA,NA,646211,NA,NA,NA,NA,NA,NA,1799,NA,"Rebecca Grundy","England","Rebecca Louise Grundy","July 12, 1990, Solihull, Warwickshire","31y 132d","Left hand bat","Slow left arm orthodox",NA,NA
"235","H Graham","99812d10","H Graham",8083,NA,NA,546629,NA,NA,1165067,NA,NA,NA,NA,NA,"Heather Graham","Australia","Heather Graham","October 05, 1996","25y 47d","Right hand bat","Right arm medium fast","Allrounder",NA
"236","E Biss","d2abb394","E Biss",NA,NA,NA,275577,NA,NA,NA,NA,NA,NA,NA,NA,"Emma Biss","Australia","Emma Biss",NA,NA,"Right hand bat","Right arm medium",NA,NA
"237","RM Farrell","4ed7d23f","RM Farrell",NA,NA,NA,273004,NA,NA,NA,NA,NA,NA,1759,NA,"Rene Farrell","Australia","Rene Michele Farrell","January 13, 1987, Kogarah, Sydney, New South Wales","34y 312d","Right hand bat","Right arm fast medium",NA,NA
"238","SL Bates","0816fb1e","SL Bates",7730,NA,NA,537440,NA,NA,959563,NA,NA,NA,NA,NA,"Samantha Bates","Australia","Samantha Lee Bates","November 29, 1995","25y 357d","Right hand bat","Slow left arm orthodox","Bowler",NA
"239","B Vakarewa","06f988b8","B Vakarewa",8245,NA,NA,944417,NA,NA,1381014,NA,NA,NA,NA,NA,"Belinda Vakarewa","Australia","Belinda Vakarewa","January 22, 1998","23y 303d","Right hand bat","Right arm fast medium","Bowler",NA
"240","EA Osborne","fe731c62","EA Osborne",5850,NA,NA,275483,NA,NA,326626,NA,NA,NA,470,NA,"Erin Osborne","Australia","Erin Alyse Osborne","June 27, 1989, Taree, New South Wales","32y 147d","Right hand bat","Right arm offbreak","Allrounder",NA
"241","NJ Carey","dff806f4","NJ Carey",7731,NA,NA,381217,NA,NA,955529,NA,NA,NA,892,NA,"Nicola Carey","Australia","Nicola Jane Carey","September 10, 1993, Sydney, New South Wales, Australia","28y 72d","Left hand bat","Right arm medium","Bowler",NA
"242","H Kaur","53cd8da6","H Kaur",NA,NA,NA,372317,NA,NA,313875,NA,NA,NA,559,NA,"Harmanpreet Kaur","India","Harmanpreet Kaur Bhullar","March 08, 1989, Punjab","32y 258d","Right hand bat","Right arm offbreak","Allrounder",NA
"243","E Kearney","437068a1","E Kearney",NA,NA,NA,683359,NA,NA,NA,NA,NA,NA,NA,NA,"Emma Kearney","Australia","Emma Kearney","September 24, 1989","32y 58d","Right hand bat","Right arm medium",NA,NA
"244","D Hazell","ea8b65ab","D Hazell",NA,NA,NA,297079,NA,NA,NA,NA,NA,NA,NA,NA,"Danielle Hazell","England","Danielle Hazell","May 13, 1988, Durham","33y 192d","Right hand bat","Right arm offbreak","Bowler",NA
"245","HNK Jensen","b8cce99f","HNK Jensen",7227,NA,NA,439029,NA,NA,918645,NA,NA,NA,1792,NA,"Hayley Jensen","New Zealand","Hayley Nicole Kayla Jensen","October 07, 1992, Christchurch, Canterbury","29y 45d","Right hand bat","Right arm medium","Bowler",NA
"246","A King","83558266","A King",8187,NA,NA,944393,NA,NA,955147,NA,NA,NA,NA,NA,"Alana King","Australia","Alana Maria King","November 22, 1995","25y 364d","Right hand bat","Legbreak","Allrounder",NA
"247","MJG Nielsen","e2410b5e","MJG Nielsen",NA,NA,NA,324246,NA,NA,NA,NA,NA,NA,483,NA,"Morna Nielsen","New Zealand","Morna Jessie Godwin Nielsen","February 24, 1990, Tauranga, Bay of Plenty","31y 270d","Right hand bat","Left arm medium, Slow left arm orthodox",NA,NA
"248","GL Triscari","207ba61e","GL Triscari",NA,NA,NA,275580,NA,NA,NA,NA,NA,NA,NA,NA,"Gemma Triscari","Australia","Gemma Louise Triscari","January 24, 1990, Subiaco, Perth, Western Australia","31y 301d","Right hand bat","Left arm fast medium",NA,NA
"249","EA Burns","2e0b6638","EA Burns",8077,NA,NA,275447,NA,NA,326631,NA,NA,NA,NA,NA,"Erin Burns","Australia","Erin Alexandra Burns","June 22, 1988, Wollongong, NSW","33y 152d","Right hand bat","Right arm offbreak","Allrounder",NA
"250","M Kapp","63e3b6b3","M Kapp",5426,NA,NA,351836,NA,NA,338010,NA,NA,NA,424,NA,"Marizanne Kapp","South Africa","Marizanne Kapp","January 04, 1990, Port Elizabeth, Cape Province","31y 321d","Right hand bat","Right arm medium","Allrounder",NA
"251","A Gardner","bc969efb","A Gardner",7734,NA,NA,858809,NA,NA,1165029,NA,NA,NA,4128,NA,"Ashleigh Gardner","Australia","Ashleigh Katherine Gardner","April 15, 1997, Bankstown, Sydney, New South Wales","24y 220d","Right hand bat","Right arm offbreak","Allrounder",NA
"252","SE Aley","5be043df","SE Aley",8093,NA,NA,53670,NA,NA,45794,NA,NA,NA,NA,NA,"Sarah Aley","Australia","Sarah Elizabeth Aley","June 03, 1984, Sydney, New South Wales","37y 171d","Right hand bat","Right arm medium","Bowler",NA
"253","D van Niekerk","8c5775f3","D van Niekerk",5428,NA,NA,364413,NA,NA,338071,NA,NA,NA,430,NA,"Dane van Niekerk","South Africa","Dane van Niekerk","May 14, 1993, Pretoria","28y 191d","Right hand bat","Legbreak","Allrounder",NA
"254","EA Perry","be150fc8","EA Perry",5851,NA,NA,275487,NA,NA,187173,NA,NA,NA,471,NA,"Ellyse Perry","Australia","Ellyse Alexandra Perry","November 03, 1990, Wahroonga, Sydney, New South Wales","31y 18d","Right hand bat","Right arm fast medium","Allrounder",NA
"255","LC Sthalekar","6bb7a785","LC Sthalekar",NA,NA,NA,53461,NA,NA,NA,NA,NA,NA,473,NA,"Lisa Sthalekar","Australia","Lisa Carprini Sthalekar","August 13, 1979, Poona (now Pune), Maharashtra, India","42y 100d","Right hand bat","Right arm offbreak",NA,NA
"256","SR Taylor","92cf79a8","SR Taylor",5824,NA,NA,355359,NA,NA,317603,NA,NA,NA,573,NA,"Stafanie Taylor","West Indies","Stafanie Roxann Taylor","June 11, 1991, Spanish Town, Jamaica","30y 163d","Right hand bat","Right arm offbreak","Allrounder",NA
"257","SR Taylor","a9231c3f","Steven Ryan Taylor",NA,NA,NA,348133,NA,NA,288229,NA,1443,NA,NA,NA,"Steven Taylor","U.S.A.","Steven Ryan Taylor","November 09, 1993, Hialeah, Florida","28y 12d","Left hand bat","Right arm offbreak","Opening batter",NA
"258","P Cleary","507acf2e","P Cleary",7732,NA,NA,597029,NA,NA,1077476,NA,NA,NA,NA,NA,"Piepa Cleary","Australia","Piepa Cleary","July 17, 1996","25y 127d","Right hand bat","Right arm medium","Bowler",NA
"259","DJS Dottin","53bee17f","DJS Dottin",NA,NA,NA,355349,NA,NA,317605,NA,NA,NA,577,NA,"Deandra Dottin","West Indies","Deandra Jalisa Shakira Dottin","June 21, 1991, Barbados","30y 153d","Right hand bat","Right arm fast medium","Allrounder",NA
"260","HL Ferling","a594a6e0","HL Ferling",5980,NA,NA,381266,NA,NA,955088,NA,NA,NA,996,NA,"Holly Ferling","Australia","Holly Lee Ferling","December 22, 1995, Kingaroy, Queensland","25y 334d","Right hand bat","Right arm fast medium","Bowler",NA
"261","SJ Johnson","d7b754d4","SJ Johnson",8095,NA,NA,542229,NA,NA,959560,NA,NA,NA,NA,NA,"Sammy-Jo Johnson","Australia","Sammy-Jo Johnson","November 05, 1992","29y 16d","Right hand bat","Right arm medium fast","Allrounder",NA
"262","H Birkett","852820e3","H Birkett",NA,NA,NA,702609,NA,NA,NA,NA,NA,NA,NA,NA,"Haidee Birkett","Australia","Haidee Birkett",NA,NA,"Right hand bat","Right arm medium fast",NA,NA
"263","JL Jonassen","0475a86b","JL Jonassen",5848,NA,NA,374936,NA,NA,372498,NA,NA,NA,468,NA,"Jess Jonassen","Australia","Jessica Louise Jonassen","November 05, 1992, Emerald, Queensland","29y 16d","Left hand bat","Slow left arm orthodox","Bowler",NA
"264","JL Barsby","47bcaf7a","JL Barsby",7729,NA,NA,381263,NA,NA,955080,NA,NA,NA,NA,NA,"Jemma Barsby","Australia","Jemma Louise Barsby","October 04, 1995, Brisbane","26y 48d","Left hand bat","Right arm offbreak, Slow left arm orthodox","Allrounder",NA
"265","C Raack","28aba384","C Raack",NA,NA,NA,792135,NA,NA,NA,NA,NA,NA,3983,NA,"Celeste Raack","Ireland","Celeste Raack","May 18, 1994","27y 187d","Right hand bat","Legbreak",NA,NA
"266","LG Smith","9c515112","LG Smith",8058,NA,NA,788623,NA,NA,1165031,NA,NA,NA,NA,NA,"Lauren Smith","Australia","Lauren Georgia Smith","October 06, 1996","25y 46d","Right hand bat","Right arm offbreak","Bowler",NA
"267","DM Kimmince","d693012d","DM Kimmince",6031,NA,NA,263473,NA,NA,139528,NA,NA,NA,1760,NA,"Delissa Kimmince","Australia","Delissa Maree Kimmince","May 14, 1989, Warwick, Queensland","32y 191d","Right hand bat","Right arm medium","Bowler",NA
"268","K Sutherland","98797fb4","K Sutherland",NA,NA,NA,419652,NA,NA,NA,NA,NA,NA,NA,NA,"Kara Sutherland","Australia","Kara Sutherland","September 26, 1991, Ballina, New South Wales","30y 56d","Left hand bat","Left arm fast medium",NA,NA
"269","S Mandhana","5d2eda89","S Mandhana",NA,NA,NA,597806,NA,NA,384151,NA,NA,NA,4101,1809,"Smriti Mandhana","India","Smriti Shriniwas Mandhana","July 18, 1996, Bombay (now Mumbai), Maharashtra","25y 126d","Left hand bat","Right arm offbreak","Opening batter",NA
"270","ML Gibson","27fa592f","ML Gibson",NA,NA,NA,947807,NA,NA,NA,NA,NA,NA,NA,NA,"Maisy Gibson","Australia","Maisy Leigh Gibson","September 14, 1996","25y 68d","Left hand bat","Legbreak","Bowler",NA
"271","RL Haynes","d7c6b0fb","RL Haynes",5845,NA,NA,268889,NA,NA,97448,NA,NA,NA,465,NA,"Rachael Haynes","Australia","Rachael Louise Haynes","December 26, 1986, Carlton, Melbourne, Victoria","34y 330d","Left hand bat","Left arm medium","Batter",NA
"272","JL Hunter","110839f2","JL Hunter",NA,NA,NA,53674,NA,NA,NA,NA,NA,NA,467,NA,"Julie Hunter","Australia","Julie Lauren Hunter","March 15, 1984, Box Hill, Melbourne, Victoria","37y 251d","Right hand bat","Right arm medium",NA,NA
"273","A Shrubsole","32497ecd","A Shrubsole",NA,NA,NA,254238,NA,NA,113874,NA,NA,NA,555,NA,"Anya Shrubsole","England","Anya Shrubsole","December 07, 1991, Bath, Somerset","29y 349d","Right hand bat","Right arm medium","Bowler",NA
"274","KJ Hartshorn","97d86043","KJ Hartshorn",NA,NA,NA,482071,NA,NA,NA,NA,NA,NA,NA,NA,"Katie-Jane Hartshorn","Australia","Katie-Jane Hartshorn","June 20, 1994","27y 154d","Right hand bat","Left arm medium",NA,NA
"275","SJ Elliott","13f8d4b5","SJ Elliott",NA,NA,NA,53638,NA,NA,NA,NA,NA,NA,NA,NA,"Sarah Elliott","Australia","Sarah Jane Elliott","January 04, 1982, Melbourne, Victoria","39y 321d","Right hand bat","Legbreak googly",NA,NA
"276","NR Sciver","f3a18a0c","NR Sciver",5411,NA,NA,515905,NA,NA,500884,NA,NA,NA,1800,NA,"Nat Sciver","England","Natalie Ruth Sciver","August 20, 1992, Tokyo","29y 93d","Right hand bat","Right arm medium","Allrounder",NA
"277","L Cheatle","275dff85","L Cheatle",7733,NA,NA,858811,NA,NA,1232567,NA,NA,NA,3197,NA,"Lauren Cheatle","Australia","Lauren Roma Cheatle","November 06, 1998","23y 15d","Left hand bat","Left arm fast medium","Bowler",NA
"278","EJ Villani","cde96d97","EJ Villani",5982,NA,NA,275442,NA,NA,250207,NA,NA,NA,998,NA,"Elyse Villani","Australia","Elyse Jane Villani","October 06, 1989, Melbourne, Victoria","32y 46d","Right hand bat","Right arm fast medium","Middle order batter",NA
"279","KM Beams","fa8f9dc3","KM Beams",NA,NA,NA,275563,NA,NA,NA,NA,NA,NA,3165,NA,"Kristen Beams","Australia","Kristen Maree Beams","November 06, 1984, Launceston, Tasmania","37y 15d","Right hand bat","Legbreak googly","Bowler",NA
"280","KJ Garth","0b69a844","KJ Garth",NA,NA,NA,418423,NA,NA,NA,NA,NA,NA,1769,NA,"Kim Garth","Ireland","Kimberley Jennifer Garth","April 25, 1996, Dublin","25y 210d","Right hand bat","Right arm medium fast","Opening batter",NA
"281","AR Reakes","13781d43","AR Reakes",8107,NA,NA,375260,NA,NA,373383,NA,NA,NA,NA,NA,"Angela Reakes","Australia","Angela Rose Reakes","December 27, 1990, Byron Bay, New South Wales","30y 329d","Right hand bat","Legbreak googly","Allrounder",NA
"282","EA Leys","a6d06180","EA Leys",NA,NA,NA,788471,NA,NA,NA,NA,NA,NA,NA,NA,"Emily Leys","Australia","Emily A Leys","February 18, 1993, Gunnedah, New South Wales","28y 276d","Right hand bat","Left arm medium",NA,NA
"283","K Pope","f95e48fe","K Pope",NA,NA,NA,805403,NA,NA,NA,NA,NA,NA,NA,NA,"K Pope","Australia","K Pope",NA,NA,NA,NA,NA,NA
"284","M Blows","72e3d89d","M Blows",10765,NA,NA,952511,NA,NA,1232594,NA,NA,NA,NA,NA,"Makinley Blows","Australia","Makinley Blows","December 12, 1997","23y 344d","Right hand bat","Right arm medium","Batter",NA
"285","C Leeson","d71e33bb","C Leeson",10837,NA,NA,1071702,NA,NA,1381009,NA,NA,NA,NA,NA,"Carly Leeson","Australia","Carly May Leeson","November 09, 1998","23y 12d","Right hand bat","Right arm medium","Allrounder",NA
"286","AC Jayangani","ac56b5a7","AC Jayangani",NA,NA,NA,318853,NA,NA,303894,NA,NA,NA,600,NA,"Chamari Athapaththu","Sri Lanka","Athapaththu Mudiyanselage Chamari Jayangani Kumai Athapaththu","February 09, 1990, Gokarella","31y 285d","Left hand bat","Right arm offbreak","Batting allrounder",NA
"287","L Griffith","abe30ff7","L Griffith",10136,NA,NA,437246,NA,NA,913873,NA,NA,NA,NA,NA,"Lisa Griffith","Australia","Lisa Griffith","August 28, 1992, Bathurst, New South Wales","29y 85d","Right hand bat","Right arm medium","Allrounder",NA
"288","NM Hancock","af8c3a85","NM Hancock",7736,NA,NA,767597,NA,NA,1165059,NA,NA,NA,NA,NA,"Nicola Hancock","Australia","Nicola Maggie Hancock","November 08, 1995, Melbourne, Victoria","26y 13d","Right hand bat","Right arm medium","Allrounder",NA
"289","V Krishnamurthy","c3f21798","V Krishnamurthy",NA,NA,NA,442205,NA,NA,240081,NA,NA,NA,3166,NA,"Veda Krishnamurthy","India","Veda Krishnamurthy","October 16, 1992","29y 36d","Right hand bat","Legbreak","Middle order batter",NA
"290","SM Betts","c4fd751d","SM Betts",8115,NA,NA,381313,NA,NA,955123,NA,NA,NA,NA,NA,"Samantha Betts","Australia","Samantha M Betts","February 06, 1996","25y 289d","Right hand bat","Right arm medium","Bowler",NA
"291","RS Dick","40d4befb","RS Dick",NA,NA,NA,419650,NA,NA,NA,NA,NA,NA,NA,NA,"Rhiannon Dick","Australia","Rhiannon Sarah Dick","September 21, 1990, Bankstown, Sydney, New South Wales","31y 61d","Left hand bat","Slow left arm orthodox",NA,NA
"292","HM Brennan","22fad2b6","HM Brennan",NA,NA,NA,947815,NA,NA,NA,NA,NA,NA,NA,NA,"Hayleigh Brennan","Australia","Hayleigh Maree Brennan",NA,NA,NA,NA,NA,NA
"293","NE Bolton","dd883071","NE Bolton",7054,NA,NA,267611,NA,NA,94002,NA,NA,NA,1758,NA,"Nicole Bolton","Australia","Nicole Elizabeth Bolton","January 17, 1989, Subiaco, Perth, Western Australia","32y 308d","Left hand bat","Right arm offbreak","Opening batter",NA
"294","TMM Newton","93fe473e","TMM Newton",NA,NA,NA,544428,NA,NA,1060962,NA,NA,NA,NA,NA,"Thamsyn Newton","New Zealand","Thamsyn Michelle Moupia Newton","June 03, 1995, Paraparaumu","26y 171d","Right hand bat","Right arm medium","Bowler",NA
"295","GA Elwiss","287ed3a0","GA Elwiss",NA,NA,NA,297036,NA,NA,NA,NA,NA,NA,999,NA,"Georgia Elwiss","England","Georgia Amanda Elwiss","May 31, 1991, Wolverhampton, Staffordshire","30y 174d","Right hand bat","Right arm medium fast","Batting allrounder",NA
"296","EG Fazackerley","caaf2219","EG Fazackerley",10831,NA,NA,1123417,NA,NA,1165040,NA,NA,NA,NA,NA,"Erin Fazackerley","Australia","Erin Grace Fazackerley","July 03, 1998,  Hobart, Tasmania","23y 141d",NA,NA,"Allrounder",NA
"297","CJ Koski","0f00b4d7","CJ Koski",NA,NA,NA,419651,NA,NA,NA,NA,NA,NA,NA,NA,"Claire Koski","Australia","Claire Jennifer Koski","March 13, 1991, Campbelltown, Sydney, New South Wales","30y 253d","Right hand bat",NA,"Wicketkeeper batter","Wicketkeeper"
"298","G Wareham","f0b4e47d","G Wareham",8244,NA,NA,946057,NA,NA,1381142,NA,NA,NA,4041,NA,"Georgia Wareham","Australia","Georgia Wareham","May 26, 1999, Terang, Victoria","22y 179d","Right hand bat","Legbreak","Bowler",NA
"299","T Peschel","923402d8","T Peschel",10431,NA,NA,679171,NA,NA,955520,NA,NA,NA,NA,NA,"Taneale Peschel","Australia","Taneale Peschel","August 29, 1994","27y 84d","Right hand bat","Right arm medium fast","Allrounder",NA
"300","M Phillips","216ae65f","M Phillips",NA,NA,NA,538291,NA,NA,NA,NA,NA,NA,NA,NA,"Meg Phillips","Australia","Meg Phillips","February 02, 1996","25y 293d","Right hand bat","Right arm medium",NA,NA
"301","E Thompson","a7c3c366","E Thompson",8076,NA,NA,430847,NA,NA,900587,NA,NA,NA,NA,NA,"Emma Thompson","Australia","Emma Thompson",NA,NA,"Right hand bat","Right arm medium","Batter",NA
"302","NE Stalenberg","609c519e","NE Stalenberg",8059,NA,NA,592588,NA,NA,963176,NA,NA,NA,NA,NA,"Naomi Stalenberg","Australia","Naomi Elizabeth Stalenberg","April 18, 1994, Blacktown, New South Wales, Australia","27y 217d","Right hand bat","Right arm medium","Allrounder",NA
"303","A Sutherland","65d9b6b6","A Sutherland",10833,NA,NA,1071705,NA,NA,2124559,NA,NA,NA,4118,NA,"Annabel Sutherland","Australia","Annabel Sutherland","October 12, 2001","20y 40d","Right hand bat","Right arm medium fast","Allrounder",NA
"304","M du Preez","e219f17a","M du Preez",5425,NA,NA,54646,NA,NA,62578,NA,NA,NA,417,NA,"Mignon du Preez","South Africa","Mignon du Preez","June 13, 1989, Pretoria","32y 161d","Right hand bat",NA,"Top order batter","Wicketkeeper"
"305","IMHC Joyce","d3b4b8ed","IMHC Joyce",NA,NA,NA,54877,NA,NA,NA,NA,NA,NA,1766,NA,"Isobel Joyce","Ireland","Isobel Mary Helen Cecilia Joyce","July 25, 1983, Wicklow","38y 119d","Right hand bat","Left arm medium","Allrounder",NA
"306","KL Cross","1ade138e","KL Cross",NA,NA,NA,297085,NA,NA,NA,NA,NA,NA,1798,NA,"Kate Cross","England","Kathryn Laura Cross","October 03, 1991, Manchester, Lancashire","30y 49d","Right hand bat","Right arm medium fast","Bowler",NA
"307","A Hartley","53d50717","A Hartley",NA,NA,NA,469886,NA,NA,NA,NA,NA,NA,3338,NA,"Alex Hartley","England","Alexandra Hartley","September 06, 1993, Blackburn, Lancashire","28y 76d","Right hand bat","Slow left arm orthodox","Bowler",NA
"308","RK O'Donnell","2ec8a400","RK O'Donnell",NA,NA,NA,1128754,NA,NA,NA,NA,NA,NA,NA,NA,"Rhiann O'Donnell","Australia","Rhiann Kate O'Donnell","April 14, 1998, Mildura, Victoria","23y 221d","Right hand bat","Right arm medium","Bowler",NA
"309","SK Moloney","a0bc8dc1","SK Moloney",8007,NA,NA,586869,NA,NA,1753492,NA,NA,NA,NA,NA,"Sasha Moloney","Australia","Sasha K Moloney","June 14, 1992","29y 160d","Right hand bat","Right arm offbreak","Batter",NA
"310","S Luus","6d76bc23","S Luus",NA,NA,NA,487007,NA,NA,1037906,NA,NA,NA,428,NA,"Sune Luus","South Africa","Sune Luus","January 05, 1996","25y 320d","Right hand bat","Legbreak","Allrounder",NA
"311","TJ Vlaeminck","ef70a34b","TJ Vlaeminck",NA,NA,NA,1071711,NA,NA,1578953,NA,NA,NA,4124,NA,"Tayla Vlaeminck","Australia","Tayla Jade Vlaeminck","October 27, 1998, Bendigo, Victoria","23y 25d","Right hand bat","Right arm medium","Bowler",NA
"312","BM Devchand","2344de9c","BM Devchand",NA,NA,NA,537427,NA,NA,NA,NA,NA,NA,NA,NA,"Bhavi Devchand","Australia","Bhavi M Devchand","December 24, 1992","28y 332d","Right hand bat","Right arm medium","Allrounder",NA
"313","C Webb","1f4a8a2a","C Webb",11324,NA,NA,1123362,NA,NA,1381038,NA,NA,NA,NA,NA,"Courtney Webb","Australia","Courtney Anne Webb","November 30, 1999","21y 356d","Right hand bat","Legbreak","Batter",NA
"314","H Silver-holmes","2bfc7199","H Silver-holmes",10888,NA,NA,1142973,NA,NA,2213471,NA,NA,NA,NA,NA,"Hayley Silver-holmes","Australia","Hayley Imogen Silver-holmes","August 18, 2003","18y 95d","Right hand bat","Right arm medium fast","Bowling allrounder",NA
"315","R Trenaman","877dd709","R Trenaman",10800,NA,NA,1065982,NA,NA,1579215,NA,NA,NA,NA,NA,"Rachel Trenaman","Australia","Rachel CatherineTrenaman","April 18, 2001","20y 217d","Right hand bat","Legbreak","Allrounder",NA
"316","G Prestwidge","c218e4e7","G Prestwidge",8096,NA,NA,792417,NA,NA,1381045,NA,NA,NA,NA,NA,"Georgia Prestwidge","Australia","Georgia Kate Prestwidge","December 17, 1997","23y 339d","Right hand bat","Right arm medium","Bowler",NA
"317","KL Short","712bd44c","KL Short",NA,NA,NA,225716,NA,NA,NA,NA,NA,NA,NA,NA,"Kirby Short","Australia","Kirby L Short","November 03, 1986, Brisbane, Queensland","35y 18d","Right hand bat","Right arm offbreak",NA,NA
"318","S Ismail","108c4c09","S Ismail",5431,NA,NA,276997,NA,NA,158733,NA,NA,NA,423,NA,"Shabnim Ismail","South Africa","Shabnim Ismail","October 05, 1988, Cape Town, Cape Province","33y 47d","Left hand bat","Right arm fast medium","Bowler",NA
"319","Nida Dar","ed840f44","Nida Dar",NA,NA,NA,333355,NA,NA,161704,NA,NA,NA,636,NA,"Nida Dar","Pakistan","Nida Rashid Dar","January 02, 1987, Gujranwala, Punjab","34y 323d","Right hand bat","Right arm offbreak","Bowling allrounder",NA
"320","HJ Darlington","50b558d2","HJ Darlington",10889,NA,NA,1128781,NA,NA,2124561,NA,NA,NA,NA,NA,"Hannah Darlington","Australia","Hannah Joy Darlington","January 25, 2002","19y 300d","Right hand bat","Right arm medium","Bowler",NA
"321","S Campbell","c6b09326","S Campbell",10899,NA,NA,1142970,NA,NA,1947740,NA,NA,NA,NA,NA,"Stella Campbell","Australia","Stella Campbell","June 15, 2002","19y 159d","Right hand bat","Right arm medium","Bowler",NA
"322","T Flintoff","5471b94a","T Flintoff",10943,NA,NA,1201479,NA,NA,2314605,NA,NA,NA,NA,NA,"Tess Flintoff","Australia","Tess Flintoff","March 31, 2003","18y 235d","Right hand bat","Right arm medium","Bowler",NA
"323","CL Rafferty","14a760dc","CL Rafferty",11322,NA,NA,1128760,NA,NA,2124580,NA,NA,NA,NA,NA,"Chloe Rafferty","Australia","Chloe Lee Rafferty","June 16, 1999, Williamstown, Victoria","22y 158d","Right hand bat","Right arm medium","Bowler",NA
"324","AC Kerr","7673c908","AC Kerr",11091,NA,NA,803971,NA,NA,1753217,NA,NA,NA,3756,NA,"Amelia Kerr","New Zealand","Amelia Charlotte Kerr","October 13, 2000, Wellington","21y 39d","Right hand bat","Legbreak","Allrounder",NA
"325","M Penna","36453b99","M Penna",11561,NA,NA,1201476,NA,NA,1806555,NA,NA,NA,NA,NA,"Madeline Penna","Australia","Madeline Penna","August 30, 2000","21y 83d","Right hand bat","Legbreak","Bowler",NA
"326","CL Tryon","4d4605e6","CL Tryon",5429,NA,NA,453370,NA,NA,977050,NA,NA,NA,1013,NA,"Chloe Tryon","South Africa","Chloe-Lesleigh  Tryon","January 25, 1994, Kingsway, Durban","27y 300d","Right hand bat","Slow left arm orthodox","Allrounder",NA
"327","CG Sippel","c2ac0db5","CG Sippel",11819,NA,NA,1167399,NA,NA,1806583,NA,NA,NA,NA,NA,"Courtney Grace Sippel","Australia","Courtney Grace Sippel","April 27, 2001","20y 208d","Left hand bat","Right arm medium","Bowler",NA
"328","S Horley","8cd72e0b","S Horley",NA,NA,NA,1142972,NA,NA,NA,NA,NA,NA,NA,NA,"Saskia Horley","Australia","Saskia Horley","February 23, 2000","21y 272d","Right hand bat","Slow left arm orthodox","Allrounder",NA
"329","E Kershaw","8eeebce2","E Kershaw",8186,NA,NA,382234,NA,NA,401245,NA,NA,NA,NA,NA,"Erica Kershaw","Australia","Erica Joan Kershaw","December 23, 1991, Castlemaine, Victoria","29y 333d","Left hand bat",NA,"Wicketkeeper batter","Wicketkeeper"
"330","CB Neale","34faa3ac","CB Neale",12220,NA,NA,1164564,NA,NA,2251967,NA,NA,NA,NA,NA,"Courtney Neale","Australia","Courtney Belle Neale","July 04, 1998, Officer, Victoria","23y 140d","Right hand bat","Right arm medium","Bowler",NA
"331","D Brown","2e81be88","D Brown",10913,NA,NA,388845,NA,NA,1962144,NA,NA,NA,NA,NA,"Darcie Brown","Australia","Darcie R Brown","March 07, 2003, Kapunda, South Australia, Australia","18y 259d","Right hand bat","Right arm fast","Bowler",NA
"332","A Smith","b125ce63","A Smith",12428,NA,NA,1173526,NA,NA,2266853,NA,NA,NA,NA,NA,"Amy Smith","Australia","Amy Smith","November 16, 2004","17y 5d","Right hand bat","Legbreak","Bowler",NA
"333","S Glenn","b34e0c77","S Glenn",11335,NA,NA,885837,NA,NA,991041,NA,NA,NA,4467,NA,"Sarah Glenn","England","Sarah Glenn","August 27, 1999, Derby","22y 86d","Right hand bat","Legbreak","Bowling allrounder",NA
"334","N de Klerk","ea544967","N de Klerk",11224,NA,NA,939249,NA,NA,2155447,NA,NA,NA,4335,NA,"Nadine de Klerk","South Africa","Nadine de Klerk","January 16, 2000","21y 309d","Right hand bat","Right arm medium","Allrounder",NA
"335","S Day","c3d27d76","S Day",13455,NA,NA,1184973,NA,NA,2285347,NA,NA,NA,NA,NA,"Sophie Day","England","Sophie Day","September 02, 1998","23y 80d","Left hand bat","Slow left arm orthodox","Allrounder",NA
"336","RA Mair","d5eb8b84","RA Mair",12426,NA,NA,701751,NA,NA,1580605,NA,NA,NA,5567,NA,"Rosemary Mair","New Zealand","Rosemary Alison Mair","November 07, 1998, Napier","23y 14d","Right hand bat","Right arm medium","Bowler",NA
"337","E Hayward","eacd9bb1","E Hayward",10944,NA,NA,1236786,NA,NA,2412239,NA,NA,NA,NA,NA,"Ella Hayward","Australia","Ella Hayward","September 08, 2003","18y 74d","Right hand bat","Right arm offbreak","Bowler",NA
"338","E Hughes","99bc6f9a","E Hughes",11544,NA,NA,1203797,NA,NA,2124536,NA,NA,NA,NA,NA,"Emma Hughes","Australia","Emma Hughes","November 13, 2000","21y 8d","Right hand bat","Right arm medium","Bowler",NA
"339","CR Knott","d7ff1adc","CR Knott",10900,NA,NA,1164537,NA,NA,1806576,NA,NA,NA,NA,NA,"Charli Knott","Australia","Charli Rae Knott","November 29, 2002, Hervey Bay, Queensland","18y 357d","Right hand bat","Right arm offbreak","Batting allrounder",NA
"340","RP Yadav","6c3aef71","RP Yadav",NA,NA,NA,960737,NA,NA,1776757,NA,NA,NA,5059,NA,"Radha Yadav","India","Radha Prakash Yadav","April 21, 2000, Mumbai, Maharashtra","21y 214d","Right hand bat","Slow left arm orthodox","Bowler",NA
"341","R McKenna","f7e41cd8","R McKenna",NA,NA,NA,1282067,NA,NA,NA,NA,NA,NA,NA,NA,"Rhys McKenna","Australia","Rhys McKenna",NA,NA,"Right hand bat","Right arm fast medium","Bowler",NA
"342","A Lanning","ba0a8d88","A Lanning",8098,NA,NA,381288,NA,NA,913879,NA,NA,NA,NA,NA,"Anna Lanning","Australia","Anna Lanning","March 25, 1994, Sydney, New South Wales","27y 241d","Right hand bat","Right arm offbreak","Middle order batter",NA
"343","E Falconer","be50addf","E Falconer",NA,NA,NA,1128749,NA,NA,NA,NA,NA,NA,NA,NA,"Ellie Falconer","Australia","Ellie Falconer","September 03, 1999","22y 79d","Right hand bat","Right arm medium","Bowler",NA
"344","IECM Wong","e5b17517","IECM Wong",NA,NA,NA,1146066,NA,NA,NA,NA,NA,NA,NA,NA,"Issy Wong","England","Isabelle Eleanor Chih Ming Wong","May 15, 2002, Chelsea, Middlesex","19y 190d","Right hand bat","Right arm fast medium","Bowler",NA
"345","DB Sharma","201fef33","DB Sharma",NA,NA,NA,597811,NA,NA,1086219,NA,NA,NA,3192,NA,"Deepti Sharma","India","Deepti Bhagwan Sharma","August 24, 1997, Agra, Uttar Pradesh","24y 89d","Left hand bat","Right arm offbreak","Allrounder",NA
"346","Poonam Yadav","d0bb40b8","Poonam Yadav",NA,NA,NA,630972,NA,NA,305336,NA,NA,NA,1814,NA,"Poonam Yadav","India","Poonam Yadav","August 24, 1991, Agra, Uttar Pradesh","30y 89d","Right hand bat","Legbreak googly","Bowler",NA
"347","L Mills","c35a0b8a","L Mills",NA,NA,NA,1203888,NA,NA,NA,NA,NA,NA,NA,NA,"Lilly Mills","Australia","Lilly Mills","January 02, 2001","20y 323d","Right hand bat","Right arm medium","Bowler",NA
"348","R Johnston","3cd107a7","R Johnston",NA,NA,NA,1282061,NA,NA,NA,NA,NA,NA,NA,NA,"Ruth Johnston","Australia","Ruth Johnston","February 28, 2003","18y 266d","Right hand bat","Right arm offbreak","Allrounder",NA
"349","LCN Smith","340202b0","LCN Smith",NA,NA,NA,517577,NA,NA,NA,NA,NA,NA,3702,NA,"Linsey Smith","England","Linsey Claire Neale Smith","March 10, 1995, Hillingdon, Middlesex","26y 256d","Left hand bat","Slow left arm orthodox","Bowler",NA
"350","A Bosch","dcf0e8f4","A Bosch",NA,NA,NA,482506,NA,NA,NA,NA,NA,NA,17103,NA,"Anneke Bosch","South Africa","Anneke Elizabeth Bosch","August 17, 1993, East London","28y 96d","Right hand bat","Right arm medium","Batting allrounder",NA
"351","E Jones","971cb321","E Jones",NA,NA,NA,858807,NA,NA,NA,NA,NA,NA,NA,NA,"Eve Jones","England","Evelyn Jones","August 08, 1992, Shrewsbury, Shropshire","29y 105d","Left hand bat","Left arm medium","Allrounder",NA
"352","E Jones","4cf60e73","Emma Jones",NA,NA,NA,1100812,NA,NA,NA,NA,NA,NA,NA,NA,"Emma Jones","England","Emma Jones",NA,NA,NA,NA,NA,NA
"353","A Learoyd","1757bedf","A Learoyd",12362,NA,NA,1231570,NA,NA,2407371,NA,NA,NA,NA,NA,"Anika Learoyd","Australia","Anika Learoyd","April 14, 2002","19y 221d","Right hand bat","Legbreak","Middle order batter",NA
"354","K Peterson","5f377534","K Peterson",13035,NA,NA,1203798,NA,NA,2410807,NA,NA,NA,NA,NA,"Kate Peterson","Australia","Kate Peterson",NA,NA,"Right hand bat","Right arm fast medium","Bowler",NA
"355","JI Rodrigues","cb08b611","JI Rodrigues",NA,NA,NA,883405,NA,NA,1558057,NA,NA,NA,5051,NA,"Jemimah Rodrigues","India","Jemimah Ivan Rodrigues","September 05, 2000, Mumbai, Maharashtra","21y 77d","Right hand bat","Right arm offbreak","Middle order batter",NA
"356","LA Marsh","9706e64b","LA Marsh",NA,NA,NA,249934,NA,NA,NA,NA,NA,NA,553,NA,"Laura Marsh","England","Laura Alexandra Marsh","December 05, 1986, Pembury, Kent","34y 351d","Right hand bat","Right arm fast medium, Right arm offbreak","Opening batter",NA
"357","C Hill","6cedc2a1","C Hill",NA,NA,NA,382337,NA,NA,NA,NA,NA,NA,NA,NA,"Courtney Hill","Australia","Courtney Hill","January 09, 1987","34y 316d",NA,NA,NA,NA
"358","NJ Shaw","7e9ff716","NJ Shaw",NA,NA,NA,53733,NA,NA,NA,NA,NA,NA,NA,NA,"Nicky Shaw","England","Nicola Jayne Shaw","December 30, 1981, Nuneaton, Warwickshire","39y 326d","Right hand bat","Right arm fast medium",NA,NA
"359","H Perry","4d4ffcf5","H Perry",NA,NA,NA,680275,NA,NA,NA,NA,NA,NA,NA,NA,"Hannah Perry","Australia","Hannah Perry","September 22, 1989","32y 60d","Right hand bat","Slow left arm orthodox",NA,NA
"360","BC Binch","e663d8d7","BC Binch",NA,NA,NA,380932,NA,NA,NA,NA,NA,NA,NA,NA,"Briana Binch","Australia","Briana Carly Binch","June 18, 1987, Carlton, Melbourne, Victoria","34y 156d","Right hand bat","Right arm medium","Bowler",NA
"361","K Lamb","ff18508b","K Lamb",NA,NA,NA,381293,NA,NA,NA,NA,NA,NA,NA,NA,"Kirsty Lamb","Australia","Kirsty Lamb","June 27, 1994","27y 147d","Right hand bat","Left arm medium",NA,NA
"362","KL Britt","b9e15440","KL Britt",NA,NA,NA,53675,NA,NA,NA,NA,NA,NA,NA,NA,"Kris Britt","Australia","Kris Lynsey Britt","April 13, 1983, Canberra, Australian Capital Territory","38y 222d","Right hand bat","Legbreak","Allrounder",NA
"363","CE Brock","cb41cde5","CE Brock",NA,NA,NA,374937,NA,NA,NA,NA,NA,NA,NA,NA,"Cassie Brock","Australia","Cassie E Brock","January 31, 1991","30y 294d","Right hand bat","Legbreak googly",NA,NA
